encoding,dataset,seed,epoca,custo,acc_treino,acc_val,ansatz,R,n_qubits,depth,gates_1q,gates_2q,gates_total,depth_encoding,gates_1q_encoding,gates_2q_encoding,gates_total_encoding,n_params_ansatz,n_params_encoding,n_params_circuito,aval_derivadas_amostra,aval_gradiente_amostra,n_aval_passo,n_shots_passo
angle,xor,42,1,0.5697779182960763,0.8111111111111111,0.7666666666666667,strongly_entangling,,2,11,14,4,18,1,2,0,2,12,0,12,24,25,500,500000
angle,xor,42,2,0.5494364307153116,0.8277777777777777,0.8833333333333333,strongly_entangling,,2,11,14,4,18,1,2,0,2,12,0,12,24,25,500,500000
angle,xor,42,3,0.5402504153626287,0.8555555555555555,0.8333333333333334,strongly_entangling,,2,11,14,4,18,1,2,0,2,12,0,12,24,25,500,500000
angle,xor,42,4,0.5350652645800184,0.8777777777777778,0.8333333333333334,strongly_entangling,,2,11,14,4,18,1,2,0,2,12,0,12,24,25,500,500000
angle,xor,42,5,0.5320451752757905,0.8833333333333333,0.9,strongly_entangling,,2,11,14,4,18,1,2,0,2,12,0,12,24,25,500,500000
angle,xor,42,6,0.5300035157438805,0.8944444444444445,0.8666666666666667,strongly_entangling,,2,11,14,4,18,1,2,0,2,12,0,12,24,25,500,500000
angle,xor,42,7,0.5319536984936073,0.8777777777777778,0.8666666666666667,strongly_entangling,,2,11,14,4,18,1,2,0,2,12,0,12,24,25,500,500000
angle,xor,42,8,0.5331682546106036,0.8666666666666667,0.8333333333333334,strongly_entangling,,2,11,14,4,18,1,2,0,2,12,0,12,24,25,500,500000
angle,xor,42,9,0.5314223690042487,0.8888888888888888,0.9,strongly_entangling,,2,11,14,4,18,1,2,0,2,12,0,12,24,25,500,500000
angle,xor,42,10,0.5296447844299321,0.8833333333333333,0.8666666666666667,strongly_entangling,,2,11,14,4,18,1,2,0,2,12,0,12,24,25,500,500000
angle,xor,42,11,0.5311697329994384,0.8888888888888888,0.85,strongly_entangling,,2,11,14,4,18,1,2,0,2,12,0,12,24,25,500,500000
angle,xor,42,12,0.5284855914188231,0.8888888888888888,0.8833333333333333,strongly_entangling,,2,11,14,4,18,1,2,0,2,12,0,12,24,25,500,500000
angle,xor,42,13,0.5329264100287783,0.8777777777777778,0.8166666666666667,strongly_entangling,,2,11,14,4,18,1,2,0,2,12,0,12,24,25,500,500000
angle,xor,42,14,0.5292408042980782,0.8777777777777778,0.85,strongly_entangling,,2,11,14,4,18,1,2,0,2,12,0,12,24,25,500,500000
angle,xor,42,15,0.5314836447756245,0.8777777777777778,0.8833333333333333,strongly_entangling,,2,11,14,4,18,1,2,0,2,12,0,12,24,25,500,500000
angle,xor,42,16,0.5284032430037454,0.8777777777777778,0.8833333333333333,strongly_entangling,,2,11,14,4,18,1,2,0,2,12,0,12,24,25,500,500000
angle,xor,42,17,0.5286687120551496,0.8944444444444445,0.8666666666666667,strongly_entangling,,2,11,14,4,18,1,2,0,2,12,0,12,24,25,500,500000
angle,xor,42,18,0.5275175834619934,0.8888888888888888,0.8833333333333333,strongly_entangling,,2,11,14,4,18,1,2,0,2,12,0,12,24,25,500,500000
angle,xor,42,19,0.5324453804435697,0.8833333333333333,0.85,strongly_entangling,,2,11,14,4,18,1,2,0,2,12,0,12,24,25,500,500000
angle,xor,42,20,0.5280098041189616,0.9,0.8666666666666667,strongly_entangling,,2,11,14,4,18,1,2,0,2,12,0,12,24,25,500,500000
angle,xor,42,21,0.5304325076695194,0.8722222222222222,0.8833333333333333,strongly_entangling,,2,11,14,4,18,1,2,0,2,12,0,12,24,25,500,500000
angle,xor,42,22,0.5308978278288664,0.8888888888888888,0.85,strongly_entangling,,2,11,14,4,18,1,2,0,2,12,0,12,24,25,500,500000
angle,xor,42,23,0.5281558318723854,0.8833333333333333,0.8833333333333333,strongly_entangling,,2,11,14,4,18,1,2,0,2,12,0,12,24,25,500,500000
angle,xor,42,24,0.5304645272941525,0.8777777777777778,0.9,strongly_entangling,,2,11,14,4,18,1,2,0,2,12,0,12,24,25,500,500000
angle,xor,42,25,0.5379460673684877,0.8722222222222222,0.8,strongly_entangling,,2,11,14,4,18,1,2,0,2,12,0,12,24,25,500,500000
angle,xor,42,26,0.5293466427779999,0.8777777777777778,0.85,strongly_entangling,,2,11,14,4,18,1,2,0,2,12,0,12,24,25,500,500000
angle,xor,42,27,0.5300387004168412,0.8777777777777778,0.8666666666666667,strongly_entangling,,2,11,14,4,18,1,2,0,2,12,0,12,24,25,500,500000
angle,xor,42,28,0.5290137692072621,0.8777777777777778,0.8666666666666667,strongly_entangling,,2,11,14,4,18,1,2,0,2,12,0,12,24,25,500,500000
angle,xor,42,29,0.528861162305308,0.8833333333333333,0.8833333333333333,strongly_entangling,,2,11,14,4,18,1,2,0,2,12,0,12,24,25,500,500000
angle,xor,42,30,0.5308700023302153,0.8777777777777778,0.85,strongly_entangling,,2,11,14,4,18,1,2,0,2,12,0,12,24,25,500,500000
angle,xor,43,1,0.5932332165754484,0.7833333333333333,0.8166666666666667,strongly_entangling,,2,11,14,4,18,1,2,0,2,12,0,12,24,25,500,500000
angle,xor,43,2,0.5637242912535227,0.8777777777777778,0.9,strongly_entangling,,2,11,14,4,18,1,2,0,2,12,0,12,24,25,500,500000
angle,xor,43,3,0.5564470083339452,0.9,0.8333333333333334,strongly_entangling,,2,11,14,4,18,1,2,0,2,12,0,12,24,25,500,500000
angle,xor,43,4,0.5723091175427972,0.8166666666666667,0.8166666666666667,strongly_entangling,,2,11,14,4,18,1,2,0,2,12,0,12,24,25,500,500000
angle,xor,43,5,0.5631189016005684,0.8944444444444445,0.85,strongly_entangling,,2,11,14,4,18,1,2,0,2,12,0,12,24,25,500,500000
angle,xor,43,6,0.5542995051667329,0.8777777777777778,0.85,strongly_entangling,,2,11,14,4,18,1,2,0,2,12,0,12,24,25,500,500000
angle,xor,43,7,0.5558026920547399,0.9,0.8333333333333334,strongly_entangling,,2,11,14,4,18,1,2,0,2,12,0,12,24,25,500,500000
angle,xor,43,8,0.5586156313752046,0.8666666666666667,0.85,strongly_entangling,,2,11,14,4,18,1,2,0,2,12,0,12,24,25,500,500000
angle,xor,43,9,0.5554666059961337,0.9,0.8333333333333334,strongly_entangling,,2,11,14,4,18,1,2,0,2,12,0,12,24,25,500,500000
angle,xor,43,10,0.5590239893461036,0.9,0.85,strongly_entangling,,2,11,14,4,18,1,2,0,2,12,0,12,24,25,500,500000
angle,xor,43,11,0.5593298790307425,0.8666666666666667,0.8166666666666667,strongly_entangling,,2,11,14,4,18,1,2,0,2,12,0,12,24,25,500,500000
angle,xor,43,12,0.5577345593168076,0.9,0.85,strongly_entangling,,2,11,14,4,18,1,2,0,2,12,0,12,24,25,500,500000
angle,xor,43,13,0.5578543231499481,0.8722222222222222,0.8333333333333334,strongly_entangling,,2,11,14,4,18,1,2,0,2,12,0,12,24,25,500,500000
angle,xor,43,14,0.5569060816198678,0.9055555555555556,0.8333333333333334,strongly_entangling,,2,11,14,4,18,1,2,0,2,12,0,12,24,25,500,500000
angle,xor,43,15,0.5543965322122043,0.8888888888888888,0.85,strongly_entangling,,2,11,14,4,18,1,2,0,2,12,0,12,24,25,500,500000
angle,xor,43,16,0.5538832568142458,0.8777777777777778,0.8166666666666667,strongly_entangling,,2,11,14,4,18,1,2,0,2,12,0,12,24,25,500,500000
angle,xor,43,17,0.5550389065538602,0.8722222222222222,0.8333333333333334,strongly_entangling,,2,11,14,4,18,1,2,0,2,12,0,12,24,25,500,500000
angle,xor,43,18,0.5621043358193469,0.8777777777777778,0.85,strongly_entangling,,2,11,14,4,18,1,2,0,2,12,0,12,24,25,500,500000
angle,xor,43,19,0.5566263278583942,0.8666666666666667,0.8333333333333334,strongly_entangling,,2,11,14,4,18,1,2,0,2,12,0,12,24,25,500,500000
angle,xor,43,20,0.5542724935008715,0.8888888888888888,0.8333333333333334,strongly_entangling,,2,11,14,4,18,1,2,0,2,12,0,12,24,25,500,500000
angle,xor,43,21,0.5539217836816835,0.8888888888888888,0.85,strongly_entangling,,2,11,14,4,18,1,2,0,2,12,0,12,24,25,500,500000
angle,xor,43,22,0.5556233452903245,0.9055555555555556,0.8333333333333334,strongly_entangling,,2,11,14,4,18,1,2,0,2,12,0,12,24,25,500,500000
angle,xor,43,23,0.5562097388313941,0.8611111111111112,0.8333333333333334,strongly_entangling,,2,11,14,4,18,1,2,0,2,12,0,12,24,25,500,500000
angle,xor,43,24,0.5593253350127171,0.8833333333333333,0.8666666666666667,strongly_entangling,,2,11,14,4,18,1,2,0,2,12,0,12,24,25,500,500000
angle,xor,43,25,0.5554472258058842,0.8666666666666667,0.8333333333333334,strongly_entangling,,2,11,14,4,18,1,2,0,2,12,0,12,24,25,500,500000
angle,xor,43,26,0.5534238872457061,0.8888888888888888,0.8166666666666667,strongly_entangling,,2,11,14,4,18,1,2,0,2,12,0,12,24,25,500,500000
angle,xor,43,27,0.5560287587997407,0.9,0.8333333333333334,strongly_entangling,,2,11,14,4,18,1,2,0,2,12,0,12,24,25,500,500000
angle,xor,43,28,0.5563599265757311,0.8666666666666667,0.8166666666666667,strongly_entangling,,2,11,14,4,18,1,2,0,2,12,0,12,24,25,500,500000
angle,xor,43,29,0.5575559711019632,0.8888888888888888,0.8333333333333334,strongly_entangling,,2,11,14,4,18,1,2,0,2,12,0,12,24,25,500,500000
angle,xor,43,30,0.557878633688201,0.8777777777777778,0.8166666666666667,strongly_entangling,,2,11,14,4,18,1,2,0,2,12,0,12,24,25,500,500000
angle,xor,44,1,0.5286372804396744,0.8611111111111112,0.7833333333333333,strongly_entangling,,2,11,14,4,18,1,2,0,2,12,0,12,24,25,500,500000
angle,xor,44,2,0.5263188700018451,0.8666666666666667,0.8333333333333334,strongly_entangling,,2,11,14,4,18,1,2,0,2,12,0,12,24,25,500,500000
angle,xor,44,3,0.5125583431309835,0.9166666666666666,0.8166666666666667,strongly_entangling,,2,11,14,4,18,1,2,0,2,12,0,12,24,25,500,500000
angle,xor,44,4,0.5173085579472831,0.8888888888888888,0.7833333333333333,strongly_entangling,,2,11,14,4,18,1,2,0,2,12,0,12,24,25,500,500000
angle,xor,44,5,0.5177045820785149,0.8888888888888888,0.8666666666666667,strongly_entangling,,2,11,14,4,18,1,2,0,2,12,0,12,24,25,500,500000
angle,xor,44,6,0.5094565539210633,0.9055555555555556,0.8666666666666667,strongly_entangling,,2,11,14,4,18,1,2,0,2,12,0,12,24,25,500,500000
angle,xor,44,7,0.5141983124362934,0.9166666666666666,0.8,strongly_entangling,,2,11,14,4,18,1,2,0,2,12,0,12,24,25,500,500000
angle,xor,44,8,0.5165061514731015,0.8888888888888888,0.9,strongly_entangling,,2,11,14,4,18,1,2,0,2,12,0,12,24,25,500,500000
angle,xor,44,9,0.5157927750473219,0.8944444444444445,0.8166666666666667,strongly_entangling,,2,11,14,4,18,1,2,0,2,12,0,12,24,25,500,500000
angle,xor,44,10,0.5096229478606394,0.9055555555555556,0.8666666666666667,strongly_entangling,,2,11,14,4,18,1,2,0,2,12,0,12,24,25,500,500000
angle,xor,44,11,0.5100767816781205,0.9111111111111111,0.8666666666666667,strongly_entangling,,2,11,14,4,18,1,2,0,2,12,0,12,24,25,500,500000
angle,xor,44,12,0.5096887636469376,0.9111111111111111,0.8666666666666667,strongly_entangling,,2,11,14,4,18,1,2,0,2,12,0,12,24,25,500,500000
angle,xor,44,13,0.5100527792442164,0.9166666666666666,0.8666666666666667,strongly_entangling,,2,11,14,4,18,1,2,0,2,12,0,12,24,25,500,500000
angle,xor,44,14,0.5159663528086654,0.9,0.8333333333333334,strongly_entangling,,2,11,14,4,18,1,2,0,2,12,0,12,24,25,500,500000
angle,xor,44,15,0.5158831911481424,0.8944444444444445,0.7833333333333333,strongly_entangling,,2,11,14,4,18,1,2,0,2,12,0,12,24,25,500,500000
angle,xor,44,16,0.5129776221637843,0.9111111111111111,0.85,strongly_entangling,,2,11,14,4,18,1,2,0,2,12,0,12,24,25,500,500000
angle,xor,44,17,0.5097379872734767,0.9222222222222223,0.85,strongly_entangling,,2,11,14,4,18,1,2,0,2,12,0,12,24,25,500,500000
angle,xor,44,18,0.5141644610021799,0.9055555555555556,0.85,strongly_entangling,,2,11,14,4,18,1,2,0,2,12,0,12,24,25,500,500000
angle,xor,44,19,0.510845375744538,0.9166666666666666,0.8333333333333334,strongly_entangling,,2,11,14,4,18,1,2,0,2,12,0,12,24,25,500,500000
angle,xor,44,20,0.5104933208721962,0.9166666666666666,0.8666666666666667,strongly_entangling,,2,11,14,4,18,1,2,0,2,12,0,12,24,25,500,500000
angle,xor,44,21,0.510083319498861,0.9111111111111111,0.85,strongly_entangling,,2,11,14,4,18,1,2,0,2,12,0,12,24,25,500,500000
angle,xor,44,22,0.5106669679850533,0.9111111111111111,0.8833333333333333,strongly_entangling,,2,11,14,4,18,1,2,0,2,12,0,12,24,25,500,500000
angle,xor,44,23,0.5109574115173914,0.9111111111111111,0.8833333333333333,strongly_entangling,,2,11,14,4,18,1,2,0,2,12,0,12,24,25,500,500000
angle,xor,44,24,0.51707461716706,0.9055555555555556,0.8,strongly_entangling,,2,11,14,4,18,1,2,0,2,12,0,12,24,25,500,500000
angle,xor,44,25,0.5145208671119929,0.8944444444444445,0.9166666666666666,strongly_entangling,,2,11,14,4,18,1,2,0,2,12,0,12,24,25,500,500000
angle,xor,44,26,0.5125303996092072,0.9055555555555556,0.8166666666666667,strongly_entangling,,2,11,14,4,18,1,2,0,2,12,0,12,24,25,500,500000
angle,xor,44,27,0.5127826733464825,0.9055555555555556,0.8666666666666667,strongly_entangling,,2,11,14,4,18,1,2,0,2,12,0,12,24,25,500,500000
angle,xor,44,28,0.5130782401185766,0.9055555555555556,0.8166666666666667,strongly_entangling,,2,11,14,4,18,1,2,0,2,12,0,12,24,25,500,500000
angle,xor,44,29,0.5142956508252017,0.9055555555555556,0.85,strongly_entangling,,2,11,14,4,18,1,2,0,2,12,0,12,24,25,500,500000
angle,xor,44,30,0.5118667925916511,0.9222222222222223,0.85,strongly_entangling,,2,11,14,4,18,1,2,0,2,12,0,12,24,25,500,500000
angle,xor,45,1,0.572297834652112,0.7666666666666667,0.7833333333333333,strongly_entangling,,2,11,14,4,18,1,2,0,2,12,0,12,24,25,500,500000
angle,xor,45,2,0.5391607889001009,0.8722222222222222,0.85,strongly_entangling,,2,11,14,4,18,1,2,0,2,12,0,12,24,25,500,500000
angle,xor,45,3,0.532840973359932,0.8777777777777778,0.9166666666666666,strongly_entangling,,2,11,14,4,18,1,2,0,2,12,0,12,24,25,500,500000
angle,xor,45,4,0.5358020668514332,0.8555555555555555,0.85,strongly_entangling,,2,11,14,4,18,1,2,0,2,12,0,12,24,25,500,500000
angle,xor,45,5,0.529303108341716,0.8888888888888888,0.8833333333333333,strongly_entangling,,2,11,14,4,18,1,2,0,2,12,0,12,24,25,500,500000
angle,xor,45,6,0.5300098904878964,0.8722222222222222,0.8833333333333333,strongly_entangling,,2,11,14,4,18,1,2,0,2,12,0,12,24,25,500,500000
angle,xor,45,7,0.5316963505408411,0.8722222222222222,0.8833333333333333,strongly_entangling,,2,11,14,4,18,1,2,0,2,12,0,12,24,25,500,500000
angle,xor,45,8,0.5318926792576608,0.8666666666666667,0.85,strongly_entangling,,2,11,14,4,18,1,2,0,2,12,0,12,24,25,500,500000
angle,xor,45,9,0.5302723777605206,0.9,0.9,strongly_entangling,,2,11,14,4,18,1,2,0,2,12,0,12,24,25,500,500000
angle,xor,45,10,0.5280397229809239,0.8944444444444445,0.8833333333333333,strongly_entangling,,2,11,14,4,18,1,2,0,2,12,0,12,24,25,500,500000
angle,xor,45,11,0.5299932251660926,0.9055555555555556,0.9,strongly_entangling,,2,11,14,4,18,1,2,0,2,12,0,12,24,25,500,500000
angle,xor,45,12,0.5277759759742149,0.8944444444444445,0.8833333333333333,strongly_entangling,,2,11,14,4,18,1,2,0,2,12,0,12,24,25,500,500000
angle,xor,45,13,0.5297749472688453,0.8722222222222222,0.8666666666666667,strongly_entangling,,2,11,14,4,18,1,2,0,2,12,0,12,24,25,500,500000
angle,xor,45,14,0.5305975895261535,0.9,0.9,strongly_entangling,,2,11,14,4,18,1,2,0,2,12,0,12,24,25,500,500000
angle,xor,45,15,0.5283012675851085,0.8666666666666667,0.8666666666666667,strongly_entangling,,2,11,14,4,18,1,2,0,2,12,0,12,24,25,500,500000
angle,xor,45,16,0.5301471389617922,0.8777777777777778,0.9166666666666666,strongly_entangling,,2,11,14,4,18,1,2,0,2,12,0,12,24,25,500,500000
angle,xor,45,17,0.5318929603647112,0.8444444444444444,0.8666666666666667,strongly_entangling,,2,11,14,4,18,1,2,0,2,12,0,12,24,25,500,500000
angle,xor,45,18,0.5405584188668988,0.8444444444444444,0.8166666666666667,strongly_entangling,,2,11,14,4,18,1,2,0,2,12,0,12,24,25,500,500000
angle,xor,45,19,0.5448539447100561,0.8333333333333334,0.8333333333333334,strongly_entangling,,2,11,14,4,18,1,2,0,2,12,0,12,24,25,500,500000
angle,xor,45,20,0.5289360196878248,0.9,0.9,strongly_entangling,,2,11,14,4,18,1,2,0,2,12,0,12,24,25,500,500000
angle,xor,45,21,0.5282403805591247,0.8888888888888888,0.8833333333333333,strongly_entangling,,2,11,14,4,18,1,2,0,2,12,0,12,24,25,500,500000
angle,xor,45,22,0.5291434823928391,0.8888888888888888,0.85,strongly_entangling,,2,11,14,4,18,1,2,0,2,12,0,12,24,25,500,500000
angle,xor,45,23,0.5311576101838789,0.8777777777777778,0.8833333333333333,strongly_entangling,,2,11,14,4,18,1,2,0,2,12,0,12,24,25,500,500000
angle,xor,45,24,0.5411548646620278,0.85,0.8333333333333334,strongly_entangling,,2,11,14,4,18,1,2,0,2,12,0,12,24,25,500,500000
angle,xor,45,25,0.5385753085714168,0.85,0.8166666666666667,strongly_entangling,,2,11,14,4,18,1,2,0,2,12,0,12,24,25,500,500000
angle,xor,45,26,0.5312601969361279,0.8666666666666667,0.85,strongly_entangling,,2,11,14,4,18,1,2,0,2,12,0,12,24,25,500,500000
angle,xor,45,27,0.5368157110715529,0.8777777777777778,0.8666666666666667,strongly_entangling,,2,11,14,4,18,1,2,0,2,12,0,12,24,25,500,500000
angle,xor,45,28,0.5340827868737679,0.8611111111111112,0.85,strongly_entangling,,2,11,14,4,18,1,2,0,2,12,0,12,24,25,500,500000
angle,xor,45,29,0.5291750447220968,0.85,0.8666666666666667,strongly_entangling,,2,11,14,4,18,1,2,0,2,12,0,12,24,25,500,500000
angle,xor,45,30,0.5284224738098854,0.9055555555555556,0.8833333333333333,strongly_entangling,,2,11,14,4,18,1,2,0,2,12,0,12,24,25,500,500000
angle,xor,46,1,0.5579109224445524,0.8722222222222222,0.8166666666666667,strongly_entangling,,2,11,14,4,18,1,2,0,2,12,0,12,24,25,500,500000
angle,xor,46,2,0.5568923177471916,0.8611111111111112,0.9166666666666666,strongly_entangling,,2,11,14,4,18,1,2,0,2,12,0,12,24,25,500,500000
angle,xor,46,3,0.552757320165518,0.8777777777777778,0.85,strongly_entangling,,2,11,14,4,18,1,2,0,2,12,0,12,24,25,500,500000
angle,xor,46,4,0.5548639971381465,0.8722222222222222,0.85,strongly_entangling,,2,11,14,4,18,1,2,0,2,12,0,12,24,25,500,500000
angle,xor,46,5,0.5534090499600699,0.8777777777777778,0.85,strongly_entangling,,2,11,14,4,18,1,2,0,2,12,0,12,24,25,500,500000
angle,xor,46,6,0.5532366794440197,0.8777777777777778,0.8833333333333333,strongly_entangling,,2,11,14,4,18,1,2,0,2,12,0,12,24,25,500,500000
angle,xor,46,7,0.5526574144942207,0.8777777777777778,0.85,strongly_entangling,,2,11,14,4,18,1,2,0,2,12,0,12,24,25,500,500000
angle,xor,46,8,0.55417132818312,0.8722222222222222,0.8166666666666667,strongly_entangling,,2,11,14,4,18,1,2,0,2,12,0,12,24,25,500,500000
angle,xor,46,9,0.5544124896462441,0.8888888888888888,0.8666666666666667,strongly_entangling,,2,11,14,4,18,1,2,0,2,12,0,12,24,25,500,500000
angle,xor,46,10,0.5537375248115733,0.8833333333333333,0.8833333333333333,strongly_entangling,,2,11,14,4,18,1,2,0,2,12,0,12,24,25,500,500000
angle,xor,46,11,0.5559922384447623,0.8722222222222222,0.8166666666666667,strongly_entangling,,2,11,14,4,18,1,2,0,2,12,0,12,24,25,500,500000
angle,xor,46,12,0.5554823307768045,0.8944444444444445,0.8833333333333333,strongly_entangling,,2,11,14,4,18,1,2,0,2,12,0,12,24,25,500,500000
angle,xor,46,13,0.5530527777046825,0.8722222222222222,0.85,strongly_entangling,,2,11,14,4,18,1,2,0,2,12,0,12,24,25,500,500000
angle,xor,46,14,0.5544631348255749,0.8722222222222222,0.85,strongly_entangling,,2,11,14,4,18,1,2,0,2,12,0,12,24,25,500,500000
angle,xor,46,15,0.5557726638138207,0.8722222222222222,0.8833333333333333,strongly_entangling,,2,11,14,4,18,1,2,0,2,12,0,12,24,25,500,500000
angle,xor,46,16,0.5533850416688257,0.8777777777777778,0.8833333333333333,strongly_entangling,,2,11,14,4,18,1,2,0,2,12,0,12,24,25,500,500000
angle,xor,46,17,0.5542449325289839,0.8777777777777778,0.85,strongly_entangling,,2,11,14,4,18,1,2,0,2,12,0,12,24,25,500,500000
angle,xor,46,18,0.5541249569817506,0.8888888888888888,0.8666666666666667,strongly_entangling,,2,11,14,4,18,1,2,0,2,12,0,12,24,25,500,500000
angle,xor,46,19,0.5572786950470268,0.8666666666666667,0.8166666666666667,strongly_entangling,,2,11,14,4,18,1,2,0,2,12,0,12,24,25,500,500000
angle,xor,46,20,0.5565814507275267,0.8611111111111112,0.8833333333333333,strongly_entangling,,2,11,14,4,18,1,2,0,2,12,0,12,24,25,500,500000
angle,xor,46,21,0.5530990162610047,0.8777777777777778,0.8666666666666667,strongly_entangling,,2,11,14,4,18,1,2,0,2,12,0,12,24,25,500,500000
angle,xor,46,22,0.5548716754692267,0.8722222222222222,0.85,strongly_entangling,,2,11,14,4,18,1,2,0,2,12,0,12,24,25,500,500000
angle,xor,46,23,0.5547285067942817,0.8944444444444445,0.8666666666666667,strongly_entangling,,2,11,14,4,18,1,2,0,2,12,0,12,24,25,500,500000
angle,xor,46,24,0.5576794180865214,0.8666666666666667,0.8166666666666667,strongly_entangling,,2,11,14,4,18,1,2,0,2,12,0,12,24,25,500,500000
angle,xor,46,25,0.5539363603957993,0.8888888888888888,0.8666666666666667,strongly_entangling,,2,11,14,4,18,1,2,0,2,12,0,12,24,25,500,500000
angle,xor,46,26,0.552744258911384,0.8722222222222222,0.85,strongly_entangling,,2,11,14,4,18,1,2,0,2,12,0,12,24,25,500,500000
angle,xor,46,27,0.5554041591235973,0.8777777777777778,0.8333333333333334,strongly_entangling,,2,11,14,4,18,1,2,0,2,12,0,12,24,25,500,500000
angle,xor,46,28,0.5632994437234818,0.8777777777777778,0.8833333333333333,strongly_entangling,,2,11,14,4,18,1,2,0,2,12,0,12,24,25,500,500000
angle,xor,46,29,0.5626148870053239,0.8611111111111112,0.8666666666666667,strongly_entangling,,2,11,14,4,18,1,2,0,2,12,0,12,24,25,500,500000
angle,xor,46,30,0.5538333730077675,0.8722222222222222,0.8833333333333333,strongly_entangling,,2,11,14,4,18,1,2,0,2,12,0,12,24,25,500,500000
angle,moons,42,1,0.4209010916893347,0.9222222222222223,0.7833333333333333,strongly_entangling,,2,11,14,4,18,1,2,0,2,12,0,12,24,25,500,500000
angle,moons,42,2,0.3900256474213855,0.8944444444444445,0.7666666666666667,strongly_entangling,,2,11,14,4,18,1,2,0,2,12,0,12,24,25,500,500000
angle,moons,42,3,0.3469773498407339,0.8944444444444445,0.7666666666666667,strongly_entangling,,2,11,14,4,18,1,2,0,2,12,0,12,24,25,500,500000
angle,moons,42,4,0.33891810409405043,0.9055555555555556,0.8166666666666667,strongly_entangling,,2,11,14,4,18,1,2,0,2,12,0,12,24,25,500,500000
angle,moons,42,5,0.3317490153798553,0.9055555555555556,0.8166666666666667,strongly_entangling,,2,11,14,4,18,1,2,0,2,12,0,12,24,25,500,500000
angle,moons,42,6,0.330193378271738,0.9,0.7666666666666667,strongly_entangling,,2,11,14,4,18,1,2,0,2,12,0,12,24,25,500,500000
angle,moons,42,7,0.33170748802745353,0.8944444444444445,0.8166666666666667,strongly_entangling,,2,11,14,4,18,1,2,0,2,12,0,12,24,25,500,500000
angle,moons,42,8,0.33035039078501605,0.9,0.7666666666666667,strongly_entangling,,2,11,14,4,18,1,2,0,2,12,0,12,24,25,500,500000
angle,moons,42,9,0.32792918423212297,0.9111111111111111,0.8,strongly_entangling,,2,11,14,4,18,1,2,0,2,12,0,12,24,25,500,500000
angle,moons,42,10,0.3270300432360816,0.9055555555555556,0.7833333333333333,strongly_entangling,,2,11,14,4,18,1,2,0,2,12,0,12,24,25,500,500000
angle,moons,42,11,0.3277164713594245,0.9055555555555556,0.7833333333333333,strongly_entangling,,2,11,14,4,18,1,2,0,2,12,0,12,24,25,500,500000
angle,moons,42,12,0.32904159910895714,0.9055555555555556,0.8,strongly_entangling,,2,11,14,4,18,1,2,0,2,12,0,12,24,25,500,500000
angle,moons,42,13,0.32785950943133796,0.9055555555555556,0.7833333333333333,strongly_entangling,,2,11,14,4,18,1,2,0,2,12,0,12,24,25,500,500000
angle,moons,42,14,0.32694958081279935,0.9055555555555556,0.7833333333333333,strongly_entangling,,2,11,14,4,18,1,2,0,2,12,0,12,24,25,500,500000
angle,moons,42,15,0.32761844911293964,0.9111111111111111,0.8,strongly_entangling,,2,11,14,4,18,1,2,0,2,12,0,12,24,25,500,500000
angle,moons,42,16,0.3274297287918588,0.9055555555555556,0.7833333333333333,strongly_entangling,,2,11,14,4,18,1,2,0,2,12,0,12,24,25,500,500000
angle,moons,42,17,0.3274991271416355,0.9111111111111111,0.7833333333333333,strongly_entangling,,2,11,14,4,18,1,2,0,2,12,0,12,24,25,500,500000
angle,moons,42,18,0.32958009480037764,0.9055555555555556,0.7833333333333333,strongly_entangling,,2,11,14,4,18,1,2,0,2,12,0,12,24,25,500,500000
angle,moons,42,19,0.3272438944460209,0.9055555555555556,0.7833333333333333,strongly_entangling,,2,11,14,4,18,1,2,0,2,12,0,12,24,25,500,500000
angle,moons,42,20,0.33007635467694574,0.9055555555555556,0.7833333333333333,strongly_entangling,,2,11,14,4,18,1,2,0,2,12,0,12,24,25,500,500000
angle,moons,42,21,0.3332509448276538,0.9055555555555556,0.7833333333333333,strongly_entangling,,2,11,14,4,18,1,2,0,2,12,0,12,24,25,500,500000
angle,moons,42,22,0.32931306842107716,0.9,0.7666666666666667,strongly_entangling,,2,11,14,4,18,1,2,0,2,12,0,12,24,25,500,500000
angle,moons,42,23,0.32929218590911136,0.9055555555555556,0.8,strongly_entangling,,2,11,14,4,18,1,2,0,2,12,0,12,24,25,500,500000
angle,moons,42,24,0.33017161437992404,0.9,0.7666666666666667,strongly_entangling,,2,11,14,4,18,1,2,0,2,12,0,12,24,25,500,500000
angle,moons,42,25,0.3328149109848505,0.8944444444444445,0.8166666666666667,strongly_entangling,,2,11,14,4,18,1,2,0,2,12,0,12,24,25,500,500000
angle,moons,42,26,0.32727845347204915,0.9055555555555556,0.7833333333333333,strongly_entangling,,2,11,14,4,18,1,2,0,2,12,0,12,24,25,500,500000
angle,moons,42,27,0.32707672133615745,0.9055555555555556,0.7833333333333333,strongly_entangling,,2,11,14,4,18,1,2,0,2,12,0,12,24,25,500,500000
angle,moons,42,28,0.3270530707747565,0.9055555555555556,0.7833333333333333,strongly_entangling,,2,11,14,4,18,1,2,0,2,12,0,12,24,25,500,500000
angle,moons,42,29,0.32819454889349686,0.9055555555555556,0.7666666666666667,strongly_entangling,,2,11,14,4,18,1,2,0,2,12,0,12,24,25,500,500000
angle,moons,42,30,0.3277947958344339,0.9055555555555556,0.7833333333333333,strongly_entangling,,2,11,14,4,18,1,2,0,2,12,0,12,24,25,500,500000
angle,moons,43,1,0.546025829534154,0.8166666666666667,0.85,strongly_entangling,,2,11,14,4,18,1,2,0,2,12,0,12,24,25,500,500000
angle,moons,43,2,0.4708393380702031,0.8277777777777777,0.85,strongly_entangling,,2,11,14,4,18,1,2,0,2,12,0,12,24,25,500,500000
angle,moons,43,3,0.4518244423140568,0.8222222222222222,0.8666666666666667,strongly_entangling,,2,11,14,4,18,1,2,0,2,12,0,12,24,25,500,500000
angle,moons,43,4,0.43585605472006156,0.8222222222222222,0.8666666666666667,strongly_entangling,,2,11,14,4,18,1,2,0,2,12,0,12,24,25,500,500000
angle,moons,43,5,0.43143741866793667,0.85,0.8833333333333333,strongly_entangling,,2,11,14,4,18,1,2,0,2,12,0,12,24,25,500,500000
angle,moons,43,6,0.42770803760754383,0.8388888888888889,0.8666666666666667,strongly_entangling,,2,11,14,4,18,1,2,0,2,12,0,12,24,25,500,500000
angle,moons,43,7,0.42867717549404216,0.8333333333333334,0.85,strongly_entangling,,2,11,14,4,18,1,2,0,2,12,0,12,24,25,500,500000
angle,moons,43,8,0.4376925261522075,0.8444444444444444,0.8833333333333333,strongly_entangling,,2,11,14,4,18,1,2,0,2,12,0,12,24,25,500,500000
angle,moons,43,9,0.42711275162596274,0.8388888888888889,0.8666666666666667,strongly_entangling,,2,11,14,4,18,1,2,0,2,12,0,12,24,25,500,500000
angle,moons,43,10,0.4257799525129575,0.8388888888888889,0.85,strongly_entangling,,2,11,14,4,18,1,2,0,2,12,0,12,24,25,500,500000
angle,moons,43,11,0.42604094488253086,0.8388888888888889,0.8666666666666667,strongly_entangling,,2,11,14,4,18,1,2,0,2,12,0,12,24,25,500,500000
angle,moons,43,12,0.42902428259728775,0.8444444444444444,0.8833333333333333,strongly_entangling,,2,11,14,4,18,1,2,0,2,12,0,12,24,25,500,500000
angle,moons,43,13,0.4316032575768218,0.8333333333333334,0.8666666666666667,strongly_entangling,,2,11,14,4,18,1,2,0,2,12,0,12,24,25,500,500000
angle,moons,43,14,0.4401182424027369,0.8444444444444444,0.8833333333333333,strongly_entangling,,2,11,14,4,18,1,2,0,2,12,0,12,24,25,500,500000
angle,moons,43,15,0.4308070352134348,0.8388888888888889,0.8666666666666667,strongly_entangling,,2,11,14,4,18,1,2,0,2,12,0,12,24,25,500,500000
angle,moons,43,16,0.42673965905383554,0.85,0.9,strongly_entangling,,2,11,14,4,18,1,2,0,2,12,0,12,24,25,500,500000
angle,moons,43,17,0.4294221634304163,0.8388888888888889,0.8833333333333333,strongly_entangling,,2,11,14,4,18,1,2,0,2,12,0,12,24,25,500,500000
angle,moons,43,18,0.4285168358054549,0.8388888888888889,0.8666666666666667,strongly_entangling,,2,11,14,4,18,1,2,0,2,12,0,12,24,25,500,500000
angle,moons,43,19,0.4306155663683319,0.85,0.8833333333333333,strongly_entangling,,2,11,14,4,18,1,2,0,2,12,0,12,24,25,500,500000
angle,moons,43,20,0.42669525300532307,0.8333333333333334,0.8666666666666667,strongly_entangling,,2,11,14,4,18,1,2,0,2,12,0,12,24,25,500,500000
angle,moons,43,21,0.4289804229041184,0.85,0.8833333333333333,strongly_entangling,,2,11,14,4,18,1,2,0,2,12,0,12,24,25,500,500000
angle,moons,43,22,0.4320999993271402,0.8277777777777777,0.8666666666666667,strongly_entangling,,2,11,14,4,18,1,2,0,2,12,0,12,24,25,500,500000
angle,moons,43,23,0.42813849416450594,0.85,0.8833333333333333,strongly_entangling,,2,11,14,4,18,1,2,0,2,12,0,12,24,25,500,500000
angle,moons,43,24,0.4267785121729418,0.8333333333333334,0.85,strongly_entangling,,2,11,14,4,18,1,2,0,2,12,0,12,24,25,500,500000
angle,moons,43,25,0.4288836860947511,0.85,0.8833333333333333,strongly_entangling,,2,11,14,4,18,1,2,0,2,12,0,12,24,25,500,500000
angle,moons,43,26,0.4284844275577828,0.8444444444444444,0.8666666666666667,strongly_entangling,,2,11,14,4,18,1,2,0,2,12,0,12,24,25,500,500000
angle,moons,43,27,0.4266160095061771,0.8444444444444444,0.85,strongly_entangling,,2,11,14,4,18,1,2,0,2,12,0,12,24,25,500,500000
angle,moons,43,28,0.42886867852653837,0.8388888888888889,0.8666666666666667,strongly_entangling,,2,11,14,4,18,1,2,0,2,12,0,12,24,25,500,500000
angle,moons,43,29,0.4330401316352384,0.8444444444444444,0.8833333333333333,strongly_entangling,,2,11,14,4,18,1,2,0,2,12,0,12,24,25,500,500000
angle,moons,43,30,0.434707525613284,0.8222222222222222,0.8666666666666667,strongly_entangling,,2,11,14,4,18,1,2,0,2,12,0,12,24,25,500,500000
angle,moons,44,1,0.4927225005456526,0.8777777777777778,0.8333333333333334,strongly_entangling,,2,11,14,4,18,1,2,0,2,12,0,12,24,25,500,500000
angle,moons,44,2,0.4095985775382403,0.8944444444444445,0.8333333333333334,strongly_entangling,,2,11,14,4,18,1,2,0,2,12,0,12,24,25,500,500000
angle,moons,44,3,0.3786380687316238,0.8722222222222222,0.85,strongly_entangling,,2,11,14,4,18,1,2,0,2,12,0,12,24,25,500,500000
angle,moons,44,4,0.3706384982052502,0.8777777777777778,0.85,strongly_entangling,,2,11,14,4,18,1,2,0,2,12,0,12,24,25,500,500000
angle,moons,44,5,0.3703107083176115,0.8833333333333333,0.85,strongly_entangling,,2,11,14,4,18,1,2,0,2,12,0,12,24,25,500,500000
angle,moons,44,6,0.36990361760406515,0.8777777777777778,0.85,strongly_entangling,,2,11,14,4,18,1,2,0,2,12,0,12,24,25,500,500000
angle,moons,44,7,0.3701999164587658,0.8833333333333333,0.8333333333333334,strongly_entangling,,2,11,14,4,18,1,2,0,2,12,0,12,24,25,500,500000
angle,moons,44,8,0.3717664227899927,0.8777777777777778,0.8666666666666667,strongly_entangling,,2,11,14,4,18,1,2,0,2,12,0,12,24,25,500,500000
angle,moons,44,9,0.3737505869460689,0.8888888888888888,0.85,strongly_entangling,,2,11,14,4,18,1,2,0,2,12,0,12,24,25,500,500000
angle,moons,44,10,0.3706573230796799,0.8777777777777778,0.85,strongly_entangling,,2,11,14,4,18,1,2,0,2,12,0,12,24,25,500,500000
angle,moons,44,11,0.3693394717178532,0.8722222222222222,0.85,strongly_entangling,,2,11,14,4,18,1,2,0,2,12,0,12,24,25,500,500000
angle,moons,44,12,0.3695414683664617,0.8777777777777778,0.85,strongly_entangling,,2,11,14,4,18,1,2,0,2,12,0,12,24,25,500,500000
angle,moons,44,13,0.3717505681201755,0.8777777777777778,0.8666666666666667,strongly_entangling,,2,11,14,4,18,1,2,0,2,12,0,12,24,25,500,500000
angle,moons,44,14,0.37270933788134325,0.8888888888888888,0.85,strongly_entangling,,2,11,14,4,18,1,2,0,2,12,0,12,24,25,500,500000
angle,moons,44,15,0.3722535050246754,0.8722222222222222,0.85,strongly_entangling,,2,11,14,4,18,1,2,0,2,12,0,12,24,25,500,500000
angle,moons,44,16,0.3699715934559756,0.8777777777777778,0.85,strongly_entangling,,2,11,14,4,18,1,2,0,2,12,0,12,24,25,500,500000
angle,moons,44,17,0.37282333867600237,0.8888888888888888,0.85,strongly_entangling,,2,11,14,4,18,1,2,0,2,12,0,12,24,25,500,500000
angle,moons,44,18,0.3777927734348881,0.8777777777777778,0.85,strongly_entangling,,2,11,14,4,18,1,2,0,2,12,0,12,24,25,500,500000
angle,moons,44,19,0.3815147819091603,0.8833333333333333,0.8833333333333333,strongly_entangling,,2,11,14,4,18,1,2,0,2,12,0,12,24,25,500,500000
angle,moons,44,20,0.37770459145613433,0.8888888888888888,0.8666666666666667,strongly_entangling,,2,11,14,4,18,1,2,0,2,12,0,12,24,25,500,500000
angle,moons,44,21,0.3779713781207432,0.8777777777777778,0.8,strongly_entangling,,2,11,14,4,18,1,2,0,2,12,0,12,24,25,500,500000
angle,moons,44,22,0.377764743872775,0.8777777777777778,0.8666666666666667,strongly_entangling,,2,11,14,4,18,1,2,0,2,12,0,12,24,25,500,500000
angle,moons,44,23,0.3742290710958408,0.8888888888888888,0.8166666666666667,strongly_entangling,,2,11,14,4,18,1,2,0,2,12,0,12,24,25,500,500000
angle,moons,44,24,0.37194254845735975,0.8722222222222222,0.85,strongly_entangling,,2,11,14,4,18,1,2,0,2,12,0,12,24,25,500,500000
angle,moons,44,25,0.3685798548926678,0.8777777777777778,0.85,strongly_entangling,,2,11,14,4,18,1,2,0,2,12,0,12,24,25,500,500000
angle,moons,44,26,0.3687069794663447,0.8777777777777778,0.85,strongly_entangling,,2,11,14,4,18,1,2,0,2,12,0,12,24,25,500,500000
angle,moons,44,27,0.36966561248907764,0.8833333333333333,0.85,strongly_entangling,,2,11,14,4,18,1,2,0,2,12,0,12,24,25,500,500000
angle,moons,44,28,0.37202272061685754,0.8777777777777778,0.8666666666666667,strongly_entangling,,2,11,14,4,18,1,2,0,2,12,0,12,24,25,500,500000
angle,moons,44,29,0.36905281582480987,0.8777777777777778,0.85,strongly_entangling,,2,11,14,4,18,1,2,0,2,12,0,12,24,25,500,500000
angle,moons,44,30,0.3685700576228292,0.8777777777777778,0.85,strongly_entangling,,2,11,14,4,18,1,2,0,2,12,0,12,24,25,500,500000
angle,moons,45,1,0.48765805635513354,0.8944444444444445,0.7666666666666667,strongly_entangling,,2,11,14,4,18,1,2,0,2,12,0,12,24,25,500,500000
angle,moons,45,2,0.43385586384845015,0.8833333333333333,0.8666666666666667,strongly_entangling,,2,11,14,4,18,1,2,0,2,12,0,12,24,25,500,500000
angle,moons,45,3,0.3739948981211041,0.8944444444444445,0.85,strongly_entangling,,2,11,14,4,18,1,2,0,2,12,0,12,24,25,500,500000
angle,moons,45,4,0.3784218210498657,0.9,0.85,strongly_entangling,,2,11,14,4,18,1,2,0,2,12,0,12,24,25,500,500000
angle,moons,45,5,0.37322503217882175,0.8777777777777778,0.85,strongly_entangling,,2,11,14,4,18,1,2,0,2,12,0,12,24,25,500,500000
angle,moons,45,6,0.37357812023582976,0.9,0.8833333333333333,strongly_entangling,,2,11,14,4,18,1,2,0,2,12,0,12,24,25,500,500000
angle,moons,45,7,0.37134542244712254,0.8888888888888888,0.8833333333333333,strongly_entangling,,2,11,14,4,18,1,2,0,2,12,0,12,24,25,500,500000
angle,moons,45,8,0.3709320549326752,0.8888888888888888,0.8333333333333334,strongly_entangling,,2,11,14,4,18,1,2,0,2,12,0,12,24,25,500,500000
angle,moons,45,9,0.3700106989897513,0.8888888888888888,0.8833333333333333,strongly_entangling,,2,11,14,4,18,1,2,0,2,12,0,12,24,25,500,500000
angle,moons,45,10,0.36745117629479707,0.8833333333333333,0.85,strongly_entangling,,2,11,14,4,18,1,2,0,2,12,0,12,24,25,500,500000
angle,moons,45,11,0.3666320278481966,0.8833333333333333,0.85,strongly_entangling,,2,11,14,4,18,1,2,0,2,12,0,12,24,25,500,500000
angle,moons,45,12,0.3666242184051681,0.8833333333333333,0.85,strongly_entangling,,2,11,14,4,18,1,2,0,2,12,0,12,24,25,500,500000
angle,moons,45,13,0.36689581337953997,0.8888888888888888,0.85,strongly_entangling,,2,11,14,4,18,1,2,0,2,12,0,12,24,25,500,500000
angle,moons,45,14,0.3675241657761106,0.8888888888888888,0.85,strongly_entangling,,2,11,14,4,18,1,2,0,2,12,0,12,24,25,500,500000
angle,moons,45,15,0.36747297343845237,0.8833333333333333,0.85,strongly_entangling,,2,11,14,4,18,1,2,0,2,12,0,12,24,25,500,500000
angle,moons,45,16,0.36867356224551,0.8833333333333333,0.85,strongly_entangling,,2,11,14,4,18,1,2,0,2,12,0,12,24,25,500,500000
angle,moons,45,17,0.36973897968456715,0.8888888888888888,0.8833333333333333,strongly_entangling,,2,11,14,4,18,1,2,0,2,12,0,12,24,25,500,500000
angle,moons,45,18,0.3664863435657247,0.8888888888888888,0.85,strongly_entangling,,2,11,14,4,18,1,2,0,2,12,0,12,24,25,500,500000
angle,moons,45,19,0.3785571546314449,0.8888888888888888,0.8,strongly_entangling,,2,11,14,4,18,1,2,0,2,12,0,12,24,25,500,500000
angle,moons,45,20,0.3681155693851701,0.8833333333333333,0.8833333333333333,strongly_entangling,,2,11,14,4,18,1,2,0,2,12,0,12,24,25,500,500000
angle,moons,45,21,0.3688118784463626,0.9,0.8666666666666667,strongly_entangling,,2,11,14,4,18,1,2,0,2,12,0,12,24,25,500,500000
angle,moons,45,22,0.3684423668864803,0.8833333333333333,0.85,strongly_entangling,,2,11,14,4,18,1,2,0,2,12,0,12,24,25,500,500000
angle,moons,45,23,0.36783197798902245,0.8833333333333333,0.8833333333333333,strongly_entangling,,2,11,14,4,18,1,2,0,2,12,0,12,24,25,500,500000
angle,moons,45,24,0.36840284448637733,0.8888888888888888,0.85,strongly_entangling,,2,11,14,4,18,1,2,0,2,12,0,12,24,25,500,500000
angle,moons,45,25,0.37515746140129247,0.8944444444444445,0.8833333333333333,strongly_entangling,,2,11,14,4,18,1,2,0,2,12,0,12,24,25,500,500000
angle,moons,45,26,0.3796973932143628,0.9,0.8666666666666667,strongly_entangling,,2,11,14,4,18,1,2,0,2,12,0,12,24,25,500,500000
angle,moons,45,27,0.37372152012623083,0.8888888888888888,0.8833333333333333,strongly_entangling,,2,11,14,4,18,1,2,0,2,12,0,12,24,25,500,500000
angle,moons,45,28,0.368970187452041,0.8888888888888888,0.85,strongly_entangling,,2,11,14,4,18,1,2,0,2,12,0,12,24,25,500,500000
angle,moons,45,29,0.3685113773222865,0.8888888888888888,0.85,strongly_entangling,,2,11,14,4,18,1,2,0,2,12,0,12,24,25,500,500000
angle,moons,45,30,0.3671080410628811,0.8833333333333333,0.85,strongly_entangling,,2,11,14,4,18,1,2,0,2,12,0,12,24,25,500,500000
angle,moons,46,1,0.6071826083833048,0.8388888888888889,0.9,strongly_entangling,,2,11,14,4,18,1,2,0,2,12,0,12,24,25,500,500000
angle,moons,46,2,0.5044329751948757,0.8277777777777777,0.9166666666666666,strongly_entangling,,2,11,14,4,18,1,2,0,2,12,0,12,24,25,500,500000
angle,moons,46,3,0.46026551997420945,0.8444444444444444,0.9333333333333333,strongly_entangling,,2,11,14,4,18,1,2,0,2,12,0,12,24,25,500,500000
angle,moons,46,4,0.4369699603399922,0.8555555555555555,0.9333333333333333,strongly_entangling,,2,11,14,4,18,1,2,0,2,12,0,12,24,25,500,500000
angle,moons,46,5,0.43369553245599174,0.8388888888888889,0.9333333333333333,strongly_entangling,,2,11,14,4,18,1,2,0,2,12,0,12,24,25,500,500000
angle,moons,46,6,0.4328758840608826,0.8444444444444444,0.95,strongly_entangling,,2,11,14,4,18,1,2,0,2,12,0,12,24,25,500,500000
angle,moons,46,7,0.4328731534234025,0.8388888888888889,0.95,strongly_entangling,,2,11,14,4,18,1,2,0,2,12,0,12,24,25,500,500000
angle,moons,46,8,0.4322024077196998,0.8388888888888889,0.9333333333333333,strongly_entangling,,2,11,14,4,18,1,2,0,2,12,0,12,24,25,500,500000
angle,moons,46,9,0.43192834598919305,0.8388888888888889,0.9333333333333333,strongly_entangling,,2,11,14,4,18,1,2,0,2,12,0,12,24,25,500,500000
angle,moons,46,10,0.43244840875909557,0.85,0.9333333333333333,strongly_entangling,,2,11,14,4,18,1,2,0,2,12,0,12,24,25,500,500000
angle,moons,46,11,0.43548911763278475,0.8444444444444444,0.9166666666666666,strongly_entangling,,2,11,14,4,18,1,2,0,2,12,0,12,24,25,500,500000
angle,moons,46,12,0.4457442218934391,0.85,0.9166666666666666,strongly_entangling,,2,11,14,4,18,1,2,0,2,12,0,12,24,25,500,500000
angle,moons,46,13,0.44705067543570653,0.8555555555555555,0.9333333333333333,strongly_entangling,,2,11,14,4,18,1,2,0,2,12,0,12,24,25,500,500000
angle,moons,46,14,0.4351546662540694,0.85,0.9333333333333333,strongly_entangling,,2,11,14,4,18,1,2,0,2,12,0,12,24,25,500,500000
angle,moons,46,15,0.4347215815144117,0.8333333333333334,0.9333333333333333,strongly_entangling,,2,11,14,4,18,1,2,0,2,12,0,12,24,25,500,500000
angle,moons,46,16,0.43575522138521766,0.8611111111111112,0.95,strongly_entangling,,2,11,14,4,18,1,2,0,2,12,0,12,24,25,500,500000
angle,moons,46,17,0.43510213173871287,0.8277777777777777,0.9166666666666666,strongly_entangling,,2,11,14,4,18,1,2,0,2,12,0,12,24,25,500,500000
angle,moons,46,18,0.4334018827811997,0.85,0.95,strongly_entangling,,2,11,14,4,18,1,2,0,2,12,0,12,24,25,500,500000
angle,moons,46,19,0.4342495881852027,0.85,0.95,strongly_entangling,,2,11,14,4,18,1,2,0,2,12,0,12,24,25,500,500000
angle,moons,46,20,0.4344929903324702,0.8388888888888889,0.9333333333333333,strongly_entangling,,2,11,14,4,18,1,2,0,2,12,0,12,24,25,500,500000
angle,moons,46,21,0.43325053829679977,0.8388888888888889,0.9333333333333333,strongly_entangling,,2,11,14,4,18,1,2,0,2,12,0,12,24,25,500,500000
angle,moons,46,22,0.43370574093776426,0.85,0.95,strongly_entangling,,2,11,14,4,18,1,2,0,2,12,0,12,24,25,500,500000
angle,moons,46,23,0.4336625201384019,0.8333333333333334,0.9333333333333333,strongly_entangling,,2,11,14,4,18,1,2,0,2,12,0,12,24,25,500,500000
angle,moons,46,24,0.43471222033801227,0.8444444444444444,0.95,strongly_entangling,,2,11,14,4,18,1,2,0,2,12,0,12,24,25,500,500000
angle,moons,46,25,0.4324976434213004,0.8444444444444444,0.9333333333333333,strongly_entangling,,2,11,14,4,18,1,2,0,2,12,0,12,24,25,500,500000
angle,moons,46,26,0.43687829453572297,0.8555555555555555,0.95,strongly_entangling,,2,11,14,4,18,1,2,0,2,12,0,12,24,25,500,500000
angle,moons,46,27,0.4369210967543261,0.8611111111111112,0.9333333333333333,strongly_entangling,,2,11,14,4,18,1,2,0,2,12,0,12,24,25,500,500000
angle,moons,46,28,0.43329663562533954,0.8388888888888889,0.95,strongly_entangling,,2,11,14,4,18,1,2,0,2,12,0,12,24,25,500,500000
angle,moons,46,29,0.4329302570741719,0.8388888888888889,0.95,strongly_entangling,,2,11,14,4,18,1,2,0,2,12,0,12,24,25,500,500000
angle,moons,46,30,0.4352173830583362,0.85,0.9333333333333333,strongly_entangling,,2,11,14,4,18,1,2,0,2,12,0,12,24,25,500,500000
angle,circles,42,1,1.046096932165529,0.4666666666666667,0.4166666666666667,strongly_entangling,,2,11,14,4,18,1,2,0,2,12,0,12,24,25,500,500000
angle,circles,42,2,0.9814916593348275,0.6277777777777778,0.55,strongly_entangling,,2,11,14,4,18,1,2,0,2,12,0,12,24,25,500,500000
angle,circles,42,3,0.8919556989445564,0.7277777777777777,0.6333333333333333,strongly_entangling,,2,11,14,4,18,1,2,0,2,12,0,12,24,25,500,500000
angle,circles,42,4,0.790906728295968,0.7222222222222222,0.7,strongly_entangling,,2,11,14,4,18,1,2,0,2,12,0,12,24,25,500,500000
angle,circles,42,5,0.7165095250269307,0.8222222222222222,0.7833333333333333,strongly_entangling,,2,11,14,4,18,1,2,0,2,12,0,12,24,25,500,500000
angle,circles,42,6,0.6261062198176819,0.9666666666666667,0.9,strongly_entangling,,2,11,14,4,18,1,2,0,2,12,0,12,24,25,500,500000
angle,circles,42,7,0.5833370403965189,0.9388888888888889,0.9333333333333333,strongly_entangling,,2,11,14,4,18,1,2,0,2,12,0,12,24,25,500,500000
angle,circles,42,8,0.5852126482738138,0.9611111111111111,0.9333333333333333,strongly_entangling,,2,11,14,4,18,1,2,0,2,12,0,12,24,25,500,500000
angle,circles,42,9,0.5805410428413954,0.9388888888888889,0.9333333333333333,strongly_entangling,,2,11,14,4,18,1,2,0,2,12,0,12,24,25,500,500000
angle,circles,42,10,0.5766625786507807,0.9611111111111111,0.9333333333333333,strongly_entangling,,2,11,14,4,18,1,2,0,2,12,0,12,24,25,500,500000
angle,circles,42,11,0.5760463536932341,0.95,0.9166666666666666,strongly_entangling,,2,11,14,4,18,1,2,0,2,12,0,12,24,25,500,500000
angle,circles,42,12,0.5773539750491699,0.9555555555555556,0.9333333333333333,strongly_entangling,,2,11,14,4,18,1,2,0,2,12,0,12,24,25,500,500000
angle,circles,42,13,0.5858970542351486,0.9166666666666666,0.8833333333333333,strongly_entangling,,2,11,14,4,18,1,2,0,2,12,0,12,24,25,500,500000
angle,circles,42,14,0.5864096245141016,0.9611111111111111,0.9,strongly_entangling,,2,11,14,4,18,1,2,0,2,12,0,12,24,25,500,500000
angle,circles,42,15,0.5778696889834978,0.9444444444444444,0.9333333333333333,strongly_entangling,,2,11,14,4,18,1,2,0,2,12,0,12,24,25,500,500000
angle,circles,42,16,0.5770058172809653,0.9555555555555556,0.9333333333333333,strongly_entangling,,2,11,14,4,18,1,2,0,2,12,0,12,24,25,500,500000
angle,circles,42,17,0.5830789556855641,0.9444444444444444,0.9333333333333333,strongly_entangling,,2,11,14,4,18,1,2,0,2,12,0,12,24,25,500,500000
angle,circles,42,18,0.5825495093258165,0.9555555555555556,0.9166666666666666,strongly_entangling,,2,11,14,4,18,1,2,0,2,12,0,12,24,25,500,500000
angle,circles,42,19,0.5755277528312136,0.9666666666666667,0.95,strongly_entangling,,2,11,14,4,18,1,2,0,2,12,0,12,24,25,500,500000
angle,circles,42,20,0.5798521846694833,0.9333333333333333,0.9333333333333333,strongly_entangling,,2,11,14,4,18,1,2,0,2,12,0,12,24,25,500,500000
angle,circles,42,21,0.5781855277242152,0.9555555555555556,0.9333333333333333,strongly_entangling,,2,11,14,4,18,1,2,0,2,12,0,12,24,25,500,500000
angle,circles,42,22,0.5839226453605642,0.9666666666666667,0.9333333333333333,strongly_entangling,,2,11,14,4,18,1,2,0,2,12,0,12,24,25,500,500000
angle,circles,42,23,0.5806867897482424,0.9388888888888889,0.9333333333333333,strongly_entangling,,2,11,14,4,18,1,2,0,2,12,0,12,24,25,500,500000
angle,circles,42,24,0.5789697970492027,0.95,0.9333333333333333,strongly_entangling,,2,11,14,4,18,1,2,0,2,12,0,12,24,25,500,500000
angle,circles,42,25,0.5784578497142486,0.9611111111111111,0.9333333333333333,strongly_entangling,,2,11,14,4,18,1,2,0,2,12,0,12,24,25,500,500000
angle,circles,42,26,0.5834443279382706,0.9277777777777778,0.9333333333333333,strongly_entangling,,2,11,14,4,18,1,2,0,2,12,0,12,24,25,500,500000
angle,circles,42,27,0.5818170671655736,0.9444444444444444,0.9166666666666666,strongly_entangling,,2,11,14,4,18,1,2,0,2,12,0,12,24,25,500,500000
angle,circles,42,28,0.5821580312613012,0.9666666666666667,0.9,strongly_entangling,,2,11,14,4,18,1,2,0,2,12,0,12,24,25,500,500000
angle,circles,42,29,0.5828010414166163,0.9333333333333333,0.9333333333333333,strongly_entangling,,2,11,14,4,18,1,2,0,2,12,0,12,24,25,500,500000
angle,circles,42,30,0.5772739594398923,0.9777777777777777,0.9333333333333333,strongly_entangling,,2,11,14,4,18,1,2,0,2,12,0,12,24,25,500,500000
angle,circles,43,1,0.9315718669345656,0.6944444444444444,0.6833333333333333,strongly_entangling,,2,11,14,4,18,1,2,0,2,12,0,12,24,25,500,500000
angle,circles,43,2,0.7388434193927512,0.7944444444444444,0.8,strongly_entangling,,2,11,14,4,18,1,2,0,2,12,0,12,24,25,500,500000
angle,circles,43,3,0.6723240079247753,0.9222222222222223,0.9333333333333333,strongly_entangling,,2,11,14,4,18,1,2,0,2,12,0,12,24,25,500,500000
angle,circles,43,4,0.6449152134407474,0.9333333333333333,0.95,strongly_entangling,,2,11,14,4,18,1,2,0,2,12,0,12,24,25,500,500000
angle,circles,43,5,0.606700301175772,0.95,0.9833333333333333,strongly_entangling,,2,11,14,4,18,1,2,0,2,12,0,12,24,25,500,500000
angle,circles,43,6,0.5929781714400538,0.95,0.9833333333333333,strongly_entangling,,2,11,14,4,18,1,2,0,2,12,0,12,24,25,500,500000
angle,circles,43,7,0.5912306926018216,0.9722222222222222,0.9833333333333333,strongly_entangling,,2,11,14,4,18,1,2,0,2,12,0,12,24,25,500,500000
angle,circles,43,8,0.5901465110977235,0.9222222222222223,0.9666666666666667,strongly_entangling,,2,11,14,4,18,1,2,0,2,12,0,12,24,25,500,500000
angle,circles,43,9,0.5908155992426528,0.9444444444444444,0.9666666666666667,strongly_entangling,,2,11,14,4,18,1,2,0,2,12,0,12,24,25,500,500000
angle,circles,43,10,0.5862415770645115,0.9777777777777777,1.0,strongly_entangling,,2,11,14,4,18,1,2,0,2,12,0,12,24,25,500,500000
angle,circles,43,11,0.584224112970681,0.9666666666666667,0.9833333333333333,strongly_entangling,,2,11,14,4,18,1,2,0,2,12,0,12,24,25,500,500000
angle,circles,43,12,0.5883023364300795,0.9444444444444444,0.9833333333333333,strongly_entangling,,2,11,14,4,18,1,2,0,2,12,0,12,24,25,500,500000
angle,circles,43,13,0.5886358882460928,0.9666666666666667,0.9833333333333333,strongly_entangling,,2,11,14,4,18,1,2,0,2,12,0,12,24,25,500,500000
angle,circles,43,14,0.5926364172740805,0.9222222222222223,0.9666666666666667,strongly_entangling,,2,11,14,4,18,1,2,0,2,12,0,12,24,25,500,500000
angle,circles,43,15,0.5835820250244135,0.9666666666666667,0.9833333333333333,strongly_entangling,,2,11,14,4,18,1,2,0,2,12,0,12,24,25,500,500000
angle,circles,43,16,0.5844446726030602,0.9666666666666667,1.0,strongly_entangling,,2,11,14,4,18,1,2,0,2,12,0,12,24,25,500,500000
angle,circles,43,17,0.5898106949408395,0.9388888888888889,0.9666666666666667,strongly_entangling,,2,11,14,4,18,1,2,0,2,12,0,12,24,25,500,500000
angle,circles,43,18,0.584910060366054,0.9611111111111111,1.0,strongly_entangling,,2,11,14,4,18,1,2,0,2,12,0,12,24,25,500,500000
angle,circles,43,19,0.5842656598668102,0.9666666666666667,1.0,strongly_entangling,,2,11,14,4,18,1,2,0,2,12,0,12,24,25,500,500000
angle,circles,43,20,0.582383027543493,0.9722222222222222,1.0,strongly_entangling,,2,11,14,4,18,1,2,0,2,12,0,12,24,25,500,500000
angle,circles,43,21,0.5864201433157212,0.9722222222222222,1.0,strongly_entangling,,2,11,14,4,18,1,2,0,2,12,0,12,24,25,500,500000
angle,circles,43,22,0.5898367331597746,0.9444444444444444,0.9833333333333333,strongly_entangling,,2,11,14,4,18,1,2,0,2,12,0,12,24,25,500,500000
angle,circles,43,23,0.5825047152316223,0.9666666666666667,1.0,strongly_entangling,,2,11,14,4,18,1,2,0,2,12,0,12,24,25,500,500000
angle,circles,43,24,0.5882681317850434,0.9555555555555556,1.0,strongly_entangling,,2,11,14,4,18,1,2,0,2,12,0,12,24,25,500,500000
angle,circles,43,25,0.5874482930626487,0.9444444444444444,0.9833333333333333,strongly_entangling,,2,11,14,4,18,1,2,0,2,12,0,12,24,25,500,500000
angle,circles,43,26,0.587182344122238,0.9611111111111111,0.9833333333333333,strongly_entangling,,2,11,14,4,18,1,2,0,2,12,0,12,24,25,500,500000
angle,circles,43,27,0.5901832703777079,0.95,1.0,strongly_entangling,,2,11,14,4,18,1,2,0,2,12,0,12,24,25,500,500000
angle,circles,43,28,0.582965129486635,0.9611111111111111,0.9833333333333333,strongly_entangling,,2,11,14,4,18,1,2,0,2,12,0,12,24,25,500,500000
angle,circles,43,29,0.5829569036441421,0.9722222222222222,1.0,strongly_entangling,,2,11,14,4,18,1,2,0,2,12,0,12,24,25,500,500000
angle,circles,43,30,0.5824359694658524,0.9722222222222222,1.0,strongly_entangling,,2,11,14,4,18,1,2,0,2,12,0,12,24,25,500,500000
angle,circles,44,1,1.0117610551092402,0.65,0.6166666666666667,strongly_entangling,,2,11,14,4,18,1,2,0,2,12,0,12,24,25,500,500000
angle,circles,44,2,0.8514776049016038,0.7,0.7166666666666667,strongly_entangling,,2,11,14,4,18,1,2,0,2,12,0,12,24,25,500,500000
angle,circles,44,3,0.7741395495018253,0.7833333333333333,0.6833333333333333,strongly_entangling,,2,11,14,4,18,1,2,0,2,12,0,12,24,25,500,500000
angle,circles,44,4,0.742597371447498,0.8,0.6666666666666666,strongly_entangling,,2,11,14,4,18,1,2,0,2,12,0,12,24,25,500,500000
angle,circles,44,5,0.6136404243120333,0.9722222222222222,0.9666666666666667,strongly_entangling,,2,11,14,4,18,1,2,0,2,12,0,12,24,25,500,500000
angle,circles,44,6,0.60741735377143,0.95,0.95,strongly_entangling,,2,11,14,4,18,1,2,0,2,12,0,12,24,25,500,500000
angle,circles,44,7,0.601685732245211,0.9222222222222223,0.9333333333333333,strongly_entangling,,2,11,14,4,18,1,2,0,2,12,0,12,24,25,500,500000
angle,circles,44,8,0.6091907409258978,0.9666666666666667,0.95,strongly_entangling,,2,11,14,4,18,1,2,0,2,12,0,12,24,25,500,500000
angle,circles,44,9,0.6088913441808476,0.95,0.9333333333333333,strongly_entangling,,2,11,14,4,18,1,2,0,2,12,0,12,24,25,500,500000
angle,circles,44,10,0.6062632367880973,0.9388888888888889,0.9666666666666667,strongly_entangling,,2,11,14,4,18,1,2,0,2,12,0,12,24,25,500,500000
angle,circles,44,11,0.599742077157898,0.9722222222222222,0.9666666666666667,strongly_entangling,,2,11,14,4,18,1,2,0,2,12,0,12,24,25,500,500000
angle,circles,44,12,0.5949771800146084,0.9555555555555556,0.95,strongly_entangling,,2,11,14,4,18,1,2,0,2,12,0,12,24,25,500,500000
angle,circles,44,13,0.5962676403766625,0.9555555555555556,0.9166666666666666,strongly_entangling,,2,11,14,4,18,1,2,0,2,12,0,12,24,25,500,500000
angle,circles,44,14,0.6060884093625433,0.9611111111111111,0.9666666666666667,strongly_entangling,,2,11,14,4,18,1,2,0,2,12,0,12,24,25,500,500000
angle,circles,44,15,0.60148170476949,0.9222222222222223,0.95,strongly_entangling,,2,11,14,4,18,1,2,0,2,12,0,12,24,25,500,500000
angle,circles,44,16,0.5970499752838969,0.9555555555555556,0.9166666666666666,strongly_entangling,,2,11,14,4,18,1,2,0,2,12,0,12,24,25,500,500000
angle,circles,44,17,0.597551292525077,0.9722222222222222,0.9833333333333333,strongly_entangling,,2,11,14,4,18,1,2,0,2,12,0,12,24,25,500,500000
angle,circles,44,18,0.59611888917608,0.9777777777777777,0.95,strongly_entangling,,2,11,14,4,18,1,2,0,2,12,0,12,24,25,500,500000
angle,circles,44,19,0.5945119007569676,0.9611111111111111,0.95,strongly_entangling,,2,11,14,4,18,1,2,0,2,12,0,12,24,25,500,500000
angle,circles,44,20,0.5949638368249222,0.9666666666666667,0.9333333333333333,strongly_entangling,,2,11,14,4,18,1,2,0,2,12,0,12,24,25,500,500000
angle,circles,44,21,0.5980077884007677,0.9722222222222222,0.9666666666666667,strongly_entangling,,2,11,14,4,18,1,2,0,2,12,0,12,24,25,500,500000
angle,circles,44,22,0.5986086465417816,0.9666666666666667,0.9333333333333333,strongly_entangling,,2,11,14,4,18,1,2,0,2,12,0,12,24,25,500,500000
angle,circles,44,23,0.6031125553333997,0.9666666666666667,0.9666666666666667,strongly_entangling,,2,11,14,4,18,1,2,0,2,12,0,12,24,25,500,500000
angle,circles,44,24,0.6036843307387524,0.9055555555555556,0.9166666666666666,strongly_entangling,,2,11,14,4,18,1,2,0,2,12,0,12,24,25,500,500000
angle,circles,44,25,0.5983215649200361,0.9666666666666667,0.9666666666666667,strongly_entangling,,2,11,14,4,18,1,2,0,2,12,0,12,24,25,500,500000
angle,circles,44,26,0.5938223598640098,0.9611111111111111,0.95,strongly_entangling,,2,11,14,4,18,1,2,0,2,12,0,12,24,25,500,500000
angle,circles,44,27,0.5936576102426889,0.9777777777777777,0.9833333333333333,strongly_entangling,,2,11,14,4,18,1,2,0,2,12,0,12,24,25,500,500000
angle,circles,44,28,0.5929606117909885,0.9611111111111111,0.95,strongly_entangling,,2,11,14,4,18,1,2,0,2,12,0,12,24,25,500,500000
angle,circles,44,29,0.5997473098751743,0.9611111111111111,0.9,strongly_entangling,,2,11,14,4,18,1,2,0,2,12,0,12,24,25,500,500000
angle,circles,44,30,0.5941821853154073,0.9611111111111111,0.9666666666666667,strongly_entangling,,2,11,14,4,18,1,2,0,2,12,0,12,24,25,500,500000
angle,circles,45,1,0.9560252313945026,0.6777777777777778,0.8166666666666667,strongly_entangling,,2,11,14,4,18,1,2,0,2,12,0,12,24,25,500,500000
angle,circles,45,2,0.7362013830258187,0.8055555555555556,0.8666666666666667,strongly_entangling,,2,11,14,4,18,1,2,0,2,12,0,12,24,25,500,500000
angle,circles,45,3,0.6155682823187086,0.8888888888888888,0.9666666666666667,strongly_entangling,,2,11,14,4,18,1,2,0,2,12,0,12,24,25,500,500000
angle,circles,45,4,0.5746360791692898,0.9277777777777778,0.9333333333333333,strongly_entangling,,2,11,14,4,18,1,2,0,2,12,0,12,24,25,500,500000
angle,circles,45,5,0.5781283961621833,0.95,0.9833333333333333,strongly_entangling,,2,11,14,4,18,1,2,0,2,12,0,12,24,25,500,500000
angle,circles,45,6,0.574275381805853,0.9722222222222222,1.0,strongly_entangling,,2,11,14,4,18,1,2,0,2,12,0,12,24,25,500,500000
angle,circles,45,7,0.5690878540245703,0.9388888888888889,0.9666666666666667,strongly_entangling,,2,11,14,4,18,1,2,0,2,12,0,12,24,25,500,500000
angle,circles,45,8,0.5675085045796825,0.9666666666666667,0.9833333333333333,strongly_entangling,,2,11,14,4,18,1,2,0,2,12,0,12,24,25,500,500000
angle,circles,45,9,0.5620387159753433,0.9777777777777777,1.0,strongly_entangling,,2,11,14,4,18,1,2,0,2,12,0,12,24,25,500,500000
angle,circles,45,10,0.5655952875345763,0.95,0.9833333333333333,strongly_entangling,,2,11,14,4,18,1,2,0,2,12,0,12,24,25,500,500000
angle,circles,45,11,0.5632162500990879,0.9722222222222222,0.9833333333333333,strongly_entangling,,2,11,14,4,18,1,2,0,2,12,0,12,24,25,500,500000
angle,circles,45,12,0.5635949796295279,0.9833333333333333,0.9833333333333333,strongly_entangling,,2,11,14,4,18,1,2,0,2,12,0,12,24,25,500,500000
angle,circles,45,13,0.5636862861446065,0.9777777777777777,1.0,strongly_entangling,,2,11,14,4,18,1,2,0,2,12,0,12,24,25,500,500000
angle,circles,45,14,0.5688520007771868,0.9611111111111111,0.9833333333333333,strongly_entangling,,2,11,14,4,18,1,2,0,2,12,0,12,24,25,500,500000
angle,circles,45,15,0.5681401559355167,0.9666666666666667,0.9833333333333333,strongly_entangling,,2,11,14,4,18,1,2,0,2,12,0,12,24,25,500,500000
angle,circles,45,16,0.5642684408006389,0.9777777777777777,1.0,strongly_entangling,,2,11,14,4,18,1,2,0,2,12,0,12,24,25,500,500000
angle,circles,45,17,0.5668059657189743,0.9611111111111111,1.0,strongly_entangling,,2,11,14,4,18,1,2,0,2,12,0,12,24,25,500,500000
angle,circles,45,18,0.5899852963315575,0.8777777777777778,0.95,strongly_entangling,,2,11,14,4,18,1,2,0,2,12,0,12,24,25,500,500000
angle,circles,45,19,0.5777429731899107,0.9333333333333333,0.9833333333333333,strongly_entangling,,2,11,14,4,18,1,2,0,2,12,0,12,24,25,500,500000
angle,circles,45,20,0.5656131746953701,0.9611111111111111,1.0,strongly_entangling,,2,11,14,4,18,1,2,0,2,12,0,12,24,25,500,500000
angle,circles,45,21,0.5617603148572075,0.9777777777777777,0.9833333333333333,strongly_entangling,,2,11,14,4,18,1,2,0,2,12,0,12,24,25,500,500000
angle,circles,45,22,0.561654022303571,0.9777777777777777,1.0,strongly_entangling,,2,11,14,4,18,1,2,0,2,12,0,12,24,25,500,500000
angle,circles,45,23,0.5615284754783855,0.9722222222222222,0.9833333333333333,strongly_entangling,,2,11,14,4,18,1,2,0,2,12,0,12,24,25,500,500000
angle,circles,45,24,0.5647381747952936,0.9666666666666667,0.9833333333333333,strongly_entangling,,2,11,14,4,18,1,2,0,2,12,0,12,24,25,500,500000
angle,circles,45,25,0.5706721170398174,0.9166666666666666,0.9666666666666667,strongly_entangling,,2,11,14,4,18,1,2,0,2,12,0,12,24,25,500,500000
angle,circles,45,26,0.5663485612588134,0.9666666666666667,1.0,strongly_entangling,,2,11,14,4,18,1,2,0,2,12,0,12,24,25,500,500000
angle,circles,45,27,0.5631923913180769,0.9611111111111111,0.9833333333333333,strongly_entangling,,2,11,14,4,18,1,2,0,2,12,0,12,24,25,500,500000
angle,circles,45,28,0.5641652274845083,0.9777777777777777,0.9833333333333333,strongly_entangling,,2,11,14,4,18,1,2,0,2,12,0,12,24,25,500,500000
angle,circles,45,29,0.566961158672306,0.9666666666666667,1.0,strongly_entangling,,2,11,14,4,18,1,2,0,2,12,0,12,24,25,500,500000
angle,circles,45,30,0.5645454150664281,0.9722222222222222,0.9833333333333333,strongly_entangling,,2,11,14,4,18,1,2,0,2,12,0,12,24,25,500,500000
angle,circles,46,1,1.0104403480435702,0.5,0.55,strongly_entangling,,2,11,14,4,18,1,2,0,2,12,0,12,24,25,500,500000
angle,circles,46,2,0.8990924202882152,0.7111111111111111,0.6166666666666667,strongly_entangling,,2,11,14,4,18,1,2,0,2,12,0,12,24,25,500,500000
angle,circles,46,3,0.8297193547758827,0.75,0.7333333333333333,strongly_entangling,,2,11,14,4,18,1,2,0,2,12,0,12,24,25,500,500000
angle,circles,46,4,0.7794127425302065,0.7611111111111111,0.7833333333333333,strongly_entangling,,2,11,14,4,18,1,2,0,2,12,0,12,24,25,500,500000
angle,circles,46,5,0.7791665276394645,0.7666666666666667,0.7666666666666667,strongly_entangling,,2,11,14,4,18,1,2,0,2,12,0,12,24,25,500,500000
angle,circles,46,6,0.7767081298116647,0.7777777777777778,0.7833333333333333,strongly_entangling,,2,11,14,4,18,1,2,0,2,12,0,12,24,25,500,500000
angle,circles,46,7,0.7756314578560181,0.7722222222222223,0.7833333333333333,strongly_entangling,,2,11,14,4,18,1,2,0,2,12,0,12,24,25,500,500000
angle,circles,46,8,0.7742447127841287,0.7777777777777778,0.75,strongly_entangling,,2,11,14,4,18,1,2,0,2,12,0,12,24,25,500,500000
angle,circles,46,9,0.7738295454303811,0.7777777777777778,0.7833333333333333,strongly_entangling,,2,11,14,4,18,1,2,0,2,12,0,12,24,25,500,500000
angle,circles,46,10,0.7735457155730662,0.7777777777777778,0.75,strongly_entangling,,2,11,14,4,18,1,2,0,2,12,0,12,24,25,500,500000
angle,circles,46,11,0.7829929063841276,0.7611111111111111,0.75,strongly_entangling,,2,11,14,4,18,1,2,0,2,12,0,12,24,25,500,500000
angle,circles,46,12,0.7786445852021806,0.7666666666666667,0.75,strongly_entangling,,2,11,14,4,18,1,2,0,2,12,0,12,24,25,500,500000
angle,circles,46,13,0.773082846085101,0.7777777777777778,0.7833333333333333,strongly_entangling,,2,11,14,4,18,1,2,0,2,12,0,12,24,25,500,500000
angle,circles,46,14,0.7734853299218,0.7722222222222223,0.7833333333333333,strongly_entangling,,2,11,14,4,18,1,2,0,2,12,0,12,24,25,500,500000
angle,circles,46,15,0.7735298710647902,0.7777777777777778,0.75,strongly_entangling,,2,11,14,4,18,1,2,0,2,12,0,12,24,25,500,500000
angle,circles,46,16,0.7729983945125658,0.7666666666666667,0.7833333333333333,strongly_entangling,,2,11,14,4,18,1,2,0,2,12,0,12,24,25,500,500000
angle,circles,46,17,0.7758202143683868,0.7611111111111111,0.7833333333333333,strongly_entangling,,2,11,14,4,18,1,2,0,2,12,0,12,24,25,500,500000
angle,circles,46,18,0.7727843246044567,0.7777777777777778,0.7833333333333333,strongly_entangling,,2,11,14,4,18,1,2,0,2,12,0,12,24,25,500,500000
angle,circles,46,19,0.7742630723030162,0.7722222222222223,0.7666666666666667,strongly_entangling,,2,11,14,4,18,1,2,0,2,12,0,12,24,25,500,500000
angle,circles,46,20,0.773816072540122,0.7944444444444444,0.75,strongly_entangling,,2,11,14,4,18,1,2,0,2,12,0,12,24,25,500,500000
angle,circles,46,21,0.7733020498417235,0.7833333333333333,0.7833333333333333,strongly_entangling,,2,11,14,4,18,1,2,0,2,12,0,12,24,25,500,500000
angle,circles,46,22,0.7741027481135089,0.7722222222222223,0.7666666666666667,strongly_entangling,,2,11,14,4,18,1,2,0,2,12,0,12,24,25,500,500000
angle,circles,46,23,0.7751547744060303,0.7777777777777778,0.7833333333333333,strongly_entangling,,2,11,14,4,18,1,2,0,2,12,0,12,24,25,500,500000
angle,circles,46,24,0.7746085728448896,0.7722222222222223,0.7833333333333333,strongly_entangling,,2,11,14,4,18,1,2,0,2,12,0,12,24,25,500,500000
angle,circles,46,25,0.7779066476268047,0.7722222222222223,0.8,strongly_entangling,,2,11,14,4,18,1,2,0,2,12,0,12,24,25,500,500000
angle,circles,46,26,0.755411969051634,0.8111111111111111,0.85,strongly_entangling,,2,11,14,4,18,1,2,0,2,12,0,12,24,25,500,500000
angle,circles,46,27,0.6078709746360877,0.9611111111111111,0.9833333333333333,strongly_entangling,,2,11,14,4,18,1,2,0,2,12,0,12,24,25,500,500000
angle,circles,46,28,0.599069521758157,0.95,0.9833333333333333,strongly_entangling,,2,11,14,4,18,1,2,0,2,12,0,12,24,25,500,500000
angle,circles,46,29,0.5854137189118618,0.9444444444444444,0.9666666666666667,strongly_entangling,,2,11,14,4,18,1,2,0,2,12,0,12,24,25,500,500000
angle,circles,46,30,0.5798925774821339,0.9777777777777777,0.9833333333333333,strongly_entangling,,2,11,14,4,18,1,2,0,2,12,0,12,24,25,500,500000
amplitude,xor,42,1,0.8963982113799732,0.6666666666666666,0.5666666666666667,strongly_entangling,,1,8,8,0,8,2,2,0,2,6,0,6,12,13,260,260000
amplitude,xor,42,2,0.8316815881763767,0.8,0.6666666666666666,strongly_entangling,,1,8,8,0,8,2,2,0,2,6,0,6,12,13,260,260000
amplitude,xor,42,3,0.8258047221976025,0.75,0.6333333333333333,strongly_entangling,,1,8,8,0,8,2,2,0,2,6,0,6,12,13,260,260000
amplitude,xor,42,4,0.8158898290046144,0.7444444444444445,0.6,strongly_entangling,,1,8,8,0,8,2,2,0,2,6,0,6,12,13,260,260000
amplitude,xor,42,5,0.8209111347639274,0.7222222222222222,0.6,strongly_entangling,,1,8,8,0,8,2,2,0,2,6,0,6,12,13,260,260000
amplitude,xor,42,6,0.8166254081411289,0.7277777777777777,0.5833333333333334,strongly_entangling,,1,8,8,0,8,2,2,0,2,6,0,6,12,13,260,260000
amplitude,xor,42,7,0.8209295947223292,0.75,0.5833333333333334,strongly_entangling,,1,8,8,0,8,2,2,0,2,6,0,6,12,13,260,260000
amplitude,xor,42,8,0.8179454880946142,0.7388888888888889,0.55,strongly_entangling,,1,8,8,0,8,2,2,0,2,6,0,6,12,13,260,260000
amplitude,xor,42,9,0.8186502860761818,0.7222222222222222,0.5666666666666667,strongly_entangling,,1,8,8,0,8,2,2,0,2,6,0,6,12,13,260,260000
amplitude,xor,42,10,0.8273819752910182,0.75,0.6,strongly_entangling,,1,8,8,0,8,2,2,0,2,6,0,6,12,13,260,260000
amplitude,xor,42,11,0.8162476990623648,0.7388888888888889,0.5833333333333334,strongly_entangling,,1,8,8,0,8,2,2,0,2,6,0,6,12,13,260,260000
amplitude,xor,42,12,0.8192973714062182,0.7222222222222222,0.5666666666666667,strongly_entangling,,1,8,8,0,8,2,2,0,2,6,0,6,12,13,260,260000
amplitude,xor,42,13,0.8234530307375805,0.7611111111111111,0.6333333333333333,strongly_entangling,,1,8,8,0,8,2,2,0,2,6,0,6,12,13,260,260000
amplitude,xor,42,14,0.8205228188587625,0.7388888888888889,0.55,strongly_entangling,,1,8,8,0,8,2,2,0,2,6,0,6,12,13,260,260000
amplitude,xor,42,15,0.8169645268660071,0.7444444444444445,0.6,strongly_entangling,,1,8,8,0,8,2,2,0,2,6,0,6,12,13,260,260000
amplitude,xor,42,16,0.8238415625952655,0.7277777777777777,0.6,strongly_entangling,,1,8,8,0,8,2,2,0,2,6,0,6,12,13,260,260000
amplitude,xor,42,17,0.8258015554980472,0.7,0.55,strongly_entangling,,1,8,8,0,8,2,2,0,2,6,0,6,12,13,260,260000
amplitude,xor,42,18,0.8168789549222083,0.7444444444444445,0.6,strongly_entangling,,1,8,8,0,8,2,2,0,2,6,0,6,12,13,260,260000
amplitude,xor,42,19,0.8182507361600513,0.7277777777777777,0.5833333333333334,strongly_entangling,,1,8,8,0,8,2,2,0,2,6,0,6,12,13,260,260000
amplitude,xor,42,20,0.8172401739612042,0.7444444444444445,0.6,strongly_entangling,,1,8,8,0,8,2,2,0,2,6,0,6,12,13,260,260000
amplitude,xor,42,21,0.820633878261347,0.7222222222222222,0.6,strongly_entangling,,1,8,8,0,8,2,2,0,2,6,0,6,12,13,260,260000
amplitude,xor,42,22,0.8178672426253728,0.7388888888888889,0.5666666666666667,strongly_entangling,,1,8,8,0,8,2,2,0,2,6,0,6,12,13,260,260000
amplitude,xor,42,23,0.8221851554391599,0.7444444444444445,0.6,strongly_entangling,,1,8,8,0,8,2,2,0,2,6,0,6,12,13,260,260000
amplitude,xor,42,24,0.8623149129097912,0.7055555555555556,0.6666666666666666,strongly_entangling,,1,8,8,0,8,2,2,0,2,6,0,6,12,13,260,260000
amplitude,xor,42,25,0.8271261605425164,0.7722222222222223,0.6333333333333333,strongly_entangling,,1,8,8,0,8,2,2,0,2,6,0,6,12,13,260,260000
amplitude,xor,42,26,0.8178796648859313,0.7388888888888889,0.5833333333333334,strongly_entangling,,1,8,8,0,8,2,2,0,2,6,0,6,12,13,260,260000
amplitude,xor,42,27,0.8212714218682985,0.7333333333333333,0.5833333333333334,strongly_entangling,,1,8,8,0,8,2,2,0,2,6,0,6,12,13,260,260000
amplitude,xor,42,28,0.8195205536777882,0.7333333333333333,0.5833333333333334,strongly_entangling,,1,8,8,0,8,2,2,0,2,6,0,6,12,13,260,260000
amplitude,xor,42,29,0.8221225767644483,0.7444444444444445,0.55,strongly_entangling,,1,8,8,0,8,2,2,0,2,6,0,6,12,13,260,260000
amplitude,xor,42,30,0.8234657867889136,0.7166666666666667,0.5833333333333334,strongly_entangling,,1,8,8,0,8,2,2,0,2,6,0,6,12,13,260,260000
amplitude,xor,43,1,1.3753553864572028,0.5888888888888889,0.6166666666666667,strongly_entangling,,1,8,8,0,8,2,2,0,2,6,0,6,12,13,260,260000
amplitude,xor,43,2,1.0711833211576478,0.37777777777777777,0.43333333333333335,strongly_entangling,,1,8,8,0,8,2,2,0,2,6,0,6,12,13,260,260000
amplitude,xor,43,3,0.9386629182481421,0.6166666666666667,0.6666666666666666,strongly_entangling,,1,8,8,0,8,2,2,0,2,6,0,6,12,13,260,260000
amplitude,xor,43,4,0.9292081879185,0.6111111111111112,0.6666666666666666,strongly_entangling,,1,8,8,0,8,2,2,0,2,6,0,6,12,13,260,260000
amplitude,xor,43,5,0.8745534837309956,0.7222222222222222,0.6833333333333333,strongly_entangling,,1,8,8,0,8,2,2,0,2,6,0,6,12,13,260,260000
amplitude,xor,43,6,0.8777094670806769,0.7055555555555556,0.75,strongly_entangling,,1,8,8,0,8,2,2,0,2,6,0,6,12,13,260,260000
amplitude,xor,43,7,0.8681956183231025,0.6944444444444444,0.7833333333333333,strongly_entangling,,1,8,8,0,8,2,2,0,2,6,0,6,12,13,260,260000
amplitude,xor,43,8,0.8714389551957835,0.6611111111111111,0.7333333333333333,strongly_entangling,,1,8,8,0,8,2,2,0,2,6,0,6,12,13,260,260000
amplitude,xor,43,9,0.864160597642212,0.6555555555555556,0.7166666666666667,strongly_entangling,,1,8,8,0,8,2,2,0,2,6,0,6,12,13,260,260000
amplitude,xor,43,10,0.8711523296321079,0.7111111111111111,0.7666666666666667,strongly_entangling,,1,8,8,0,8,2,2,0,2,6,0,6,12,13,260,260000
amplitude,xor,43,11,0.8852364666560275,0.6722222222222223,0.7,strongly_entangling,,1,8,8,0,8,2,2,0,2,6,0,6,12,13,260,260000
amplitude,xor,43,12,0.8691593511693853,0.6722222222222223,0.7666666666666667,strongly_entangling,,1,8,8,0,8,2,2,0,2,6,0,6,12,13,260,260000
amplitude,xor,43,13,0.865658276723716,0.6777777777777778,0.7833333333333333,strongly_entangling,,1,8,8,0,8,2,2,0,2,6,0,6,12,13,260,260000
amplitude,xor,43,14,0.8719256589682971,0.7055555555555556,0.7166666666666667,strongly_entangling,,1,8,8,0,8,2,2,0,2,6,0,6,12,13,260,260000
amplitude,xor,43,15,0.878718515945418,0.6444444444444445,0.7666666666666667,strongly_entangling,,1,8,8,0,8,2,2,0,2,6,0,6,12,13,260,260000
amplitude,xor,43,16,0.8703500181337541,0.7111111111111111,0.7166666666666667,strongly_entangling,,1,8,8,0,8,2,2,0,2,6,0,6,12,13,260,260000
amplitude,xor,43,17,0.8725298172714854,0.6388888888888888,0.7166666666666667,strongly_entangling,,1,8,8,0,8,2,2,0,2,6,0,6,12,13,260,260000
amplitude,xor,43,18,0.8699006576295848,0.7277777777777777,0.75,strongly_entangling,,1,8,8,0,8,2,2,0,2,6,0,6,12,13,260,260000
amplitude,xor,43,19,0.8631015090094248,0.6777777777777778,0.7833333333333333,strongly_entangling,,1,8,8,0,8,2,2,0,2,6,0,6,12,13,260,260000
amplitude,xor,43,20,0.8649297672798618,0.6666666666666666,0.7333333333333333,strongly_entangling,,1,8,8,0,8,2,2,0,2,6,0,6,12,13,260,260000
amplitude,xor,43,21,0.8630603032120115,0.6611111111111111,0.75,strongly_entangling,,1,8,8,0,8,2,2,0,2,6,0,6,12,13,260,260000
amplitude,xor,43,22,0.8677439126361912,0.7055555555555556,0.7833333333333333,strongly_entangling,,1,8,8,0,8,2,2,0,2,6,0,6,12,13,260,260000
amplitude,xor,43,23,0.8656668610153645,0.6611111111111111,0.7333333333333333,strongly_entangling,,1,8,8,0,8,2,2,0,2,6,0,6,12,13,260,260000
amplitude,xor,43,24,0.8649308554485334,0.6833333333333333,0.7666666666666667,strongly_entangling,,1,8,8,0,8,2,2,0,2,6,0,6,12,13,260,260000
amplitude,xor,43,25,0.885057762324867,0.6444444444444445,0.7333333333333333,strongly_entangling,,1,8,8,0,8,2,2,0,2,6,0,6,12,13,260,260000
amplitude,xor,43,26,0.8781131012568851,0.7,0.7,strongly_entangling,,1,8,8,0,8,2,2,0,2,6,0,6,12,13,260,260000
amplitude,xor,43,27,0.8629332102328391,0.6722222222222223,0.8,strongly_entangling,,1,8,8,0,8,2,2,0,2,6,0,6,12,13,260,260000
amplitude,xor,43,28,0.8658594900653753,0.6722222222222223,0.7833333333333333,strongly_entangling,,1,8,8,0,8,2,2,0,2,6,0,6,12,13,260,260000
amplitude,xor,43,29,0.8650184072762946,0.6666666666666666,0.7333333333333333,strongly_entangling,,1,8,8,0,8,2,2,0,2,6,0,6,12,13,260,260000
amplitude,xor,43,30,0.8650427792900328,0.6777777777777778,0.7833333333333333,strongly_entangling,,1,8,8,0,8,2,2,0,2,6,0,6,12,13,260,260000
amplitude,xor,44,1,1.292006069301806,0.6222222222222222,0.6333333333333333,strongly_entangling,,1,8,8,0,8,2,2,0,2,6,0,6,12,13,260,260000
amplitude,xor,44,2,0.9426764127961162,0.5388888888888889,0.5166666666666667,strongly_entangling,,1,8,8,0,8,2,2,0,2,6,0,6,12,13,260,260000
amplitude,xor,44,3,0.8794862329375112,0.6166666666666667,0.6,strongly_entangling,,1,8,8,0,8,2,2,0,2,6,0,6,12,13,260,260000
amplitude,xor,44,4,0.8476993153335921,0.7055555555555556,0.7,strongly_entangling,,1,8,8,0,8,2,2,0,2,6,0,6,12,13,260,260000
amplitude,xor,44,5,0.8520793664109824,0.7222222222222222,0.7,strongly_entangling,,1,8,8,0,8,2,2,0,2,6,0,6,12,13,260,260000
amplitude,xor,44,6,0.845417334188324,0.6777777777777778,0.7,strongly_entangling,,1,8,8,0,8,2,2,0,2,6,0,6,12,13,260,260000
amplitude,xor,44,7,0.850348781123802,0.6388888888888888,0.7166666666666667,strongly_entangling,,1,8,8,0,8,2,2,0,2,6,0,6,12,13,260,260000
amplitude,xor,44,8,0.8488919304712277,0.7166666666666667,0.7333333333333333,strongly_entangling,,1,8,8,0,8,2,2,0,2,6,0,6,12,13,260,260000
amplitude,xor,44,9,0.8468705520357726,0.6555555555555556,0.6833333333333333,strongly_entangling,,1,8,8,0,8,2,2,0,2,6,0,6,12,13,260,260000
amplitude,xor,44,10,0.8464873736844709,0.6611111111111111,0.6833333333333333,strongly_entangling,,1,8,8,0,8,2,2,0,2,6,0,6,12,13,260,260000
amplitude,xor,44,11,0.8515707234410661,0.6666666666666666,0.7,strongly_entangling,,1,8,8,0,8,2,2,0,2,6,0,6,12,13,260,260000
amplitude,xor,44,12,0.8456471319411119,0.6555555555555556,0.7,strongly_entangling,,1,8,8,0,8,2,2,0,2,6,0,6,12,13,260,260000
amplitude,xor,44,13,0.8509380842762605,0.6666666666666666,0.6333333333333333,strongly_entangling,,1,8,8,0,8,2,2,0,2,6,0,6,12,13,260,260000
amplitude,xor,44,14,0.8645904414593855,0.7388888888888889,0.6666666666666666,strongly_entangling,,1,8,8,0,8,2,2,0,2,6,0,6,12,13,260,260000
amplitude,xor,44,15,0.8510078869892274,0.6444444444444445,0.6166666666666667,strongly_entangling,,1,8,8,0,8,2,2,0,2,6,0,6,12,13,260,260000
amplitude,xor,44,16,0.8490095211384964,0.6666666666666666,0.6166666666666667,strongly_entangling,,1,8,8,0,8,2,2,0,2,6,0,6,12,13,260,260000
amplitude,xor,44,17,0.8480464803420537,0.6444444444444445,0.7333333333333333,strongly_entangling,,1,8,8,0,8,2,2,0,2,6,0,6,12,13,260,260000
amplitude,xor,44,18,0.8486028394858194,0.7166666666666667,0.7166666666666667,strongly_entangling,,1,8,8,0,8,2,2,0,2,6,0,6,12,13,260,260000
amplitude,xor,44,19,0.8461708736533963,0.6611111111111111,0.6833333333333333,strongly_entangling,,1,8,8,0,8,2,2,0,2,6,0,6,12,13,260,260000
amplitude,xor,44,20,0.8455912802744205,0.6833333333333333,0.7166666666666667,strongly_entangling,,1,8,8,0,8,2,2,0,2,6,0,6,12,13,260,260000
amplitude,xor,44,21,0.8507951061713707,0.6444444444444445,0.75,strongly_entangling,,1,8,8,0,8,2,2,0,2,6,0,6,12,13,260,260000
amplitude,xor,44,22,0.8498930990236182,0.6833333333333333,0.65,strongly_entangling,,1,8,8,0,8,2,2,0,2,6,0,6,12,13,260,260000
amplitude,xor,44,23,0.8528517788290388,0.7277777777777777,0.7,strongly_entangling,,1,8,8,0,8,2,2,0,2,6,0,6,12,13,260,260000
amplitude,xor,44,24,0.8508280513647746,0.6277777777777778,0.6666666666666666,strongly_entangling,,1,8,8,0,8,2,2,0,2,6,0,6,12,13,260,260000
amplitude,xor,44,25,0.8470550688566438,0.6666666666666666,0.7,strongly_entangling,,1,8,8,0,8,2,2,0,2,6,0,6,12,13,260,260000
amplitude,xor,44,26,0.8462377460943707,0.6888888888888889,0.7,strongly_entangling,,1,8,8,0,8,2,2,0,2,6,0,6,12,13,260,260000
amplitude,xor,44,27,0.8456854145010684,0.6944444444444444,0.7166666666666667,strongly_entangling,,1,8,8,0,8,2,2,0,2,6,0,6,12,13,260,260000
amplitude,xor,44,28,0.8462717160656126,0.6444444444444445,0.7166666666666667,strongly_entangling,,1,8,8,0,8,2,2,0,2,6,0,6,12,13,260,260000
amplitude,xor,44,29,0.8516641471999249,0.7333333333333333,0.7,strongly_entangling,,1,8,8,0,8,2,2,0,2,6,0,6,12,13,260,260000
amplitude,xor,44,30,0.850541980156257,0.6666666666666666,0.6333333333333333,strongly_entangling,,1,8,8,0,8,2,2,0,2,6,0,6,12,13,260,260000
amplitude,xor,45,1,0.9565665065704697,0.6388888888888888,0.7,strongly_entangling,,1,8,8,0,8,2,2,0,2,6,0,6,12,13,260,260000
amplitude,xor,45,2,0.8631383542121492,0.7555555555555555,0.75,strongly_entangling,,1,8,8,0,8,2,2,0,2,6,0,6,12,13,260,260000
amplitude,xor,45,3,0.8466525530625748,0.7166666666666667,0.6833333333333333,strongly_entangling,,1,8,8,0,8,2,2,0,2,6,0,6,12,13,260,260000
amplitude,xor,45,4,0.8472447693885267,0.7055555555555556,0.6833333333333333,strongly_entangling,,1,8,8,0,8,2,2,0,2,6,0,6,12,13,260,260000
amplitude,xor,45,5,0.8442450746856742,0.7111111111111111,0.6833333333333333,strongly_entangling,,1,8,8,0,8,2,2,0,2,6,0,6,12,13,260,260000
amplitude,xor,45,6,0.8436822435379068,0.7444444444444445,0.6833333333333333,strongly_entangling,,1,8,8,0,8,2,2,0,2,6,0,6,12,13,260,260000
amplitude,xor,45,7,0.8485765610177505,0.6944444444444444,0.6666666666666666,strongly_entangling,,1,8,8,0,8,2,2,0,2,6,0,6,12,13,260,260000
amplitude,xor,45,8,0.8432697355687594,0.7222222222222222,0.7,strongly_entangling,,1,8,8,0,8,2,2,0,2,6,0,6,12,13,260,260000
amplitude,xor,45,9,0.8451096516346372,0.7222222222222222,0.6833333333333333,strongly_entangling,,1,8,8,0,8,2,2,0,2,6,0,6,12,13,260,260000
amplitude,xor,45,10,0.8429590586451372,0.7222222222222222,0.6833333333333333,strongly_entangling,,1,8,8,0,8,2,2,0,2,6,0,6,12,13,260,260000
amplitude,xor,45,11,0.8473040280550395,0.7055555555555556,0.65,strongly_entangling,,1,8,8,0,8,2,2,0,2,6,0,6,12,13,260,260000
amplitude,xor,45,12,0.8492633291985136,0.7388888888888889,0.7166666666666667,strongly_entangling,,1,8,8,0,8,2,2,0,2,6,0,6,12,13,260,260000
amplitude,xor,45,13,0.8441687617072401,0.7388888888888889,0.7,strongly_entangling,,1,8,8,0,8,2,2,0,2,6,0,6,12,13,260,260000
amplitude,xor,45,14,0.8540530939322823,0.7111111111111111,0.65,strongly_entangling,,1,8,8,0,8,2,2,0,2,6,0,6,12,13,260,260000
amplitude,xor,45,15,0.8521363686237394,0.7388888888888889,0.7166666666666667,strongly_entangling,,1,8,8,0,8,2,2,0,2,6,0,6,12,13,260,260000
amplitude,xor,45,16,0.8451866175601797,0.7,0.6666666666666666,strongly_entangling,,1,8,8,0,8,2,2,0,2,6,0,6,12,13,260,260000
amplitude,xor,45,17,0.8510635205391588,0.75,0.7,strongly_entangling,,1,8,8,0,8,2,2,0,2,6,0,6,12,13,260,260000
amplitude,xor,45,18,0.8674840333977463,0.6333333333333333,0.6333333333333333,strongly_entangling,,1,8,8,0,8,2,2,0,2,6,0,6,12,13,260,260000
amplitude,xor,45,19,0.8488135063102732,0.7555555555555555,0.7333333333333333,strongly_entangling,,1,8,8,0,8,2,2,0,2,6,0,6,12,13,260,260000
amplitude,xor,45,20,0.8472482766950691,0.7166666666666667,0.6833333333333333,strongly_entangling,,1,8,8,0,8,2,2,0,2,6,0,6,12,13,260,260000
amplitude,xor,45,21,0.8444696191601565,0.7166666666666667,0.6666666666666666,strongly_entangling,,1,8,8,0,8,2,2,0,2,6,0,6,12,13,260,260000
amplitude,xor,45,22,0.8490884757551972,0.7,0.6666666666666666,strongly_entangling,,1,8,8,0,8,2,2,0,2,6,0,6,12,13,260,260000
amplitude,xor,45,23,0.9082924461271291,0.7555555555555555,0.6333333333333333,strongly_entangling,,1,8,8,0,8,2,2,0,2,6,0,6,12,13,260,260000
amplitude,xor,45,24,0.8665476940130462,0.6555555555555556,0.6333333333333333,strongly_entangling,,1,8,8,0,8,2,2,0,2,6,0,6,12,13,260,260000
amplitude,xor,45,25,0.8763742025372427,0.7666666666666667,0.7166666666666667,strongly_entangling,,1,8,8,0,8,2,2,0,2,6,0,6,12,13,260,260000
amplitude,xor,45,26,0.8563153210365616,0.6833333333333333,0.6666666666666666,strongly_entangling,,1,8,8,0,8,2,2,0,2,6,0,6,12,13,260,260000
amplitude,xor,45,27,0.8591682073540947,0.7055555555555556,0.6833333333333333,strongly_entangling,,1,8,8,0,8,2,2,0,2,6,0,6,12,13,260,260000
amplitude,xor,45,28,0.8651962310856043,0.7444444444444445,0.7166666666666667,strongly_entangling,,1,8,8,0,8,2,2,0,2,6,0,6,12,13,260,260000
amplitude,xor,45,29,0.8467951481381827,0.7222222222222222,0.7,strongly_entangling,,1,8,8,0,8,2,2,0,2,6,0,6,12,13,260,260000
amplitude,xor,45,30,0.8444479900149873,0.7222222222222222,0.7,strongly_entangling,,1,8,8,0,8,2,2,0,2,6,0,6,12,13,260,260000
amplitude,xor,46,1,0.9190484047827989,0.6277777777777778,0.6,strongly_entangling,,1,8,8,0,8,2,2,0,2,6,0,6,12,13,260,260000
amplitude,xor,46,2,0.8696818936181717,0.6722222222222223,0.6666666666666666,strongly_entangling,,1,8,8,0,8,2,2,0,2,6,0,6,12,13,260,260000
amplitude,xor,46,3,0.8616975422408107,0.7166666666666667,0.7,strongly_entangling,,1,8,8,0,8,2,2,0,2,6,0,6,12,13,260,260000
amplitude,xor,46,4,0.8387979520094256,0.6666666666666666,0.6833333333333333,strongly_entangling,,1,8,8,0,8,2,2,0,2,6,0,6,12,13,260,260000
amplitude,xor,46,5,0.8366282656534967,0.7,0.6666666666666666,strongly_entangling,,1,8,8,0,8,2,2,0,2,6,0,6,12,13,260,260000
amplitude,xor,46,6,0.8365081939919085,0.7333333333333333,0.6666666666666666,strongly_entangling,,1,8,8,0,8,2,2,0,2,6,0,6,12,13,260,260000
amplitude,xor,46,7,0.8405831361835744,0.7222222222222222,0.65,strongly_entangling,,1,8,8,0,8,2,2,0,2,6,0,6,12,13,260,260000
amplitude,xor,46,8,0.8402013932858406,0.6666666666666666,0.6833333333333333,strongly_entangling,,1,8,8,0,8,2,2,0,2,6,0,6,12,13,260,260000
amplitude,xor,46,9,0.836655929790385,0.7055555555555556,0.6666666666666666,strongly_entangling,,1,8,8,0,8,2,2,0,2,6,0,6,12,13,260,260000
amplitude,xor,46,10,0.8402682055777029,0.7555555555555555,0.65,strongly_entangling,,1,8,8,0,8,2,2,0,2,6,0,6,12,13,260,260000
amplitude,xor,46,11,0.8426448543602804,0.6833333333333333,0.6333333333333333,strongly_entangling,,1,8,8,0,8,2,2,0,2,6,0,6,12,13,260,260000
amplitude,xor,46,12,0.8373662648201307,0.75,0.6666666666666666,strongly_entangling,,1,8,8,0,8,2,2,0,2,6,0,6,12,13,260,260000
amplitude,xor,46,13,0.8377062834731147,0.6888888888888889,0.6666666666666666,strongly_entangling,,1,8,8,0,8,2,2,0,2,6,0,6,12,13,260,260000
amplitude,xor,46,14,0.8419122433503212,0.7111111111111111,0.6333333333333333,strongly_entangling,,1,8,8,0,8,2,2,0,2,6,0,6,12,13,260,260000
amplitude,xor,46,15,0.8417695643483869,0.7388888888888889,0.65,strongly_entangling,,1,8,8,0,8,2,2,0,2,6,0,6,12,13,260,260000
amplitude,xor,46,16,0.8401929701394651,0.7277777777777777,0.65,strongly_entangling,,1,8,8,0,8,2,2,0,2,6,0,6,12,13,260,260000
amplitude,xor,46,17,0.8370646083108536,0.6833333333333333,0.6666666666666666,strongly_entangling,,1,8,8,0,8,2,2,0,2,6,0,6,12,13,260,260000
amplitude,xor,46,18,0.8360343760468061,0.7166666666666667,0.65,strongly_entangling,,1,8,8,0,8,2,2,0,2,6,0,6,12,13,260,260000
amplitude,xor,46,19,0.8378845270247347,0.6944444444444444,0.6333333333333333,strongly_entangling,,1,8,8,0,8,2,2,0,2,6,0,6,12,13,260,260000
amplitude,xor,46,20,0.8375884119926003,0.7555555555555555,0.6666666666666666,strongly_entangling,,1,8,8,0,8,2,2,0,2,6,0,6,12,13,260,260000
amplitude,xor,46,21,0.8383769219580478,0.7111111111111111,0.65,strongly_entangling,,1,8,8,0,8,2,2,0,2,6,0,6,12,13,260,260000
amplitude,xor,46,22,0.8453560985637267,0.7,0.6166666666666667,strongly_entangling,,1,8,8,0,8,2,2,0,2,6,0,6,12,13,260,260000
amplitude,xor,46,23,0.8381228831321639,0.7444444444444445,0.65,strongly_entangling,,1,8,8,0,8,2,2,0,2,6,0,6,12,13,260,260000
amplitude,xor,46,24,0.8412999408690074,0.6666666666666666,0.6666666666666666,strongly_entangling,,1,8,8,0,8,2,2,0,2,6,0,6,12,13,260,260000
amplitude,xor,46,25,0.840620368251003,0.7111111111111111,0.65,strongly_entangling,,1,8,8,0,8,2,2,0,2,6,0,6,12,13,260,260000
amplitude,xor,46,26,0.8369655005443739,0.7444444444444445,0.6833333333333333,strongly_entangling,,1,8,8,0,8,2,2,0,2,6,0,6,12,13,260,260000
amplitude,xor,46,27,0.8361622040482405,0.7055555555555556,0.6333333333333333,strongly_entangling,,1,8,8,0,8,2,2,0,2,6,0,6,12,13,260,260000
amplitude,xor,46,28,0.835939744502999,0.7277777777777777,0.6833333333333333,strongly_entangling,,1,8,8,0,8,2,2,0,2,6,0,6,12,13,260,260000
amplitude,xor,46,29,0.8450882390402414,0.6777777777777778,0.6166666666666667,strongly_entangling,,1,8,8,0,8,2,2,0,2,6,0,6,12,13,260,260000
amplitude,xor,46,30,0.8437048032603578,0.6888888888888889,0.65,strongly_entangling,,1,8,8,0,8,2,2,0,2,6,0,6,12,13,260,260000
amplitude,moons,42,1,0.346519298994779,0.8777777777777778,0.7666666666666667,strongly_entangling,,1,8,8,0,8,2,2,0,2,6,0,6,12,13,260,260000
amplitude,moons,42,2,0.34504916576756484,0.8944444444444445,0.7666666666666667,strongly_entangling,,1,8,8,0,8,2,2,0,2,6,0,6,12,13,260,260000
amplitude,moons,42,3,0.3539995530796227,0.8888888888888888,0.7666666666666667,strongly_entangling,,1,8,8,0,8,2,2,0,2,6,0,6,12,13,260,260000
amplitude,moons,42,4,0.35404008717582713,0.8722222222222222,0.7666666666666667,strongly_entangling,,1,8,8,0,8,2,2,0,2,6,0,6,12,13,260,260000
amplitude,moons,42,5,0.3493206945394937,0.8944444444444445,0.7666666666666667,strongly_entangling,,1,8,8,0,8,2,2,0,2,6,0,6,12,13,260,260000
amplitude,moons,42,6,0.3465123562952058,0.8833333333333333,0.7666666666666667,strongly_entangling,,1,8,8,0,8,2,2,0,2,6,0,6,12,13,260,260000
amplitude,moons,42,7,0.34640676043669744,0.8777777777777778,0.75,strongly_entangling,,1,8,8,0,8,2,2,0,2,6,0,6,12,13,260,260000
amplitude,moons,42,8,0.34658667530324205,0.8944444444444445,0.7666666666666667,strongly_entangling,,1,8,8,0,8,2,2,0,2,6,0,6,12,13,260,260000
amplitude,moons,42,9,0.34551245971395594,0.8888888888888888,0.7666666666666667,strongly_entangling,,1,8,8,0,8,2,2,0,2,6,0,6,12,13,260,260000
amplitude,moons,42,10,0.34550835126818347,0.8888888888888888,0.7666666666666667,strongly_entangling,,1,8,8,0,8,2,2,0,2,6,0,6,12,13,260,260000
amplitude,moons,42,11,0.3453428765828532,0.8833333333333333,0.7666666666666667,strongly_entangling,,1,8,8,0,8,2,2,0,2,6,0,6,12,13,260,260000
amplitude,moons,42,12,0.3459968409854432,0.8833333333333333,0.75,strongly_entangling,,1,8,8,0,8,2,2,0,2,6,0,6,12,13,260,260000
amplitude,moons,42,13,0.34512908859552405,0.8888888888888888,0.7666666666666667,strongly_entangling,,1,8,8,0,8,2,2,0,2,6,0,6,12,13,260,260000
amplitude,moons,42,14,0.3451425285388113,0.8888888888888888,0.7666666666666667,strongly_entangling,,1,8,8,0,8,2,2,0,2,6,0,6,12,13,260,260000
amplitude,moons,42,15,0.34548957298471017,0.8777777777777778,0.7666666666666667,strongly_entangling,,1,8,8,0,8,2,2,0,2,6,0,6,12,13,260,260000
amplitude,moons,42,16,0.3451932556882664,0.8888888888888888,0.7666666666666667,strongly_entangling,,1,8,8,0,8,2,2,0,2,6,0,6,12,13,260,260000
amplitude,moons,42,17,0.3457728602666564,0.8833333333333333,0.75,strongly_entangling,,1,8,8,0,8,2,2,0,2,6,0,6,12,13,260,260000
amplitude,moons,42,18,0.34759882855798346,0.8944444444444445,0.7666666666666667,strongly_entangling,,1,8,8,0,8,2,2,0,2,6,0,6,12,13,260,260000
amplitude,moons,42,19,0.34523645829532423,0.8833333333333333,0.7666666666666667,strongly_entangling,,1,8,8,0,8,2,2,0,2,6,0,6,12,13,260,260000
amplitude,moons,42,20,0.345630442040876,0.8777777777777778,0.75,strongly_entangling,,1,8,8,0,8,2,2,0,2,6,0,6,12,13,260,260000
amplitude,moons,42,21,0.34603493947355746,0.8888888888888888,0.7666666666666667,strongly_entangling,,1,8,8,0,8,2,2,0,2,6,0,6,12,13,260,260000
amplitude,moons,42,22,0.3466696092460401,0.8944444444444445,0.7666666666666667,strongly_entangling,,1,8,8,0,8,2,2,0,2,6,0,6,12,13,260,260000
amplitude,moons,42,23,0.34775553975385287,0.8833333333333333,0.7666666666666667,strongly_entangling,,1,8,8,0,8,2,2,0,2,6,0,6,12,13,260,260000
amplitude,moons,42,24,0.34994703445594444,0.8944444444444445,0.7666666666666667,strongly_entangling,,1,8,8,0,8,2,2,0,2,6,0,6,12,13,260,260000
amplitude,moons,42,25,0.35441631299836057,0.8722222222222222,0.7666666666666667,strongly_entangling,,1,8,8,0,8,2,2,0,2,6,0,6,12,13,260,260000
amplitude,moons,42,26,0.34507350104499607,0.8944444444444445,0.7666666666666667,strongly_entangling,,1,8,8,0,8,2,2,0,2,6,0,6,12,13,260,260000
amplitude,moons,42,27,0.3505373632954108,0.8833333333333333,0.7666666666666667,strongly_entangling,,1,8,8,0,8,2,2,0,2,6,0,6,12,13,260,260000
amplitude,moons,42,28,0.3465708413657296,0.8944444444444445,0.7666666666666667,strongly_entangling,,1,8,8,0,8,2,2,0,2,6,0,6,12,13,260,260000
amplitude,moons,42,29,0.37106468305753615,0.8888888888888888,0.8,strongly_entangling,,1,8,8,0,8,2,2,0,2,6,0,6,12,13,260,260000
amplitude,moons,42,30,0.3471477871120682,0.8833333333333333,0.75,strongly_entangling,,1,8,8,0,8,2,2,0,2,6,0,6,12,13,260,260000
amplitude,moons,43,1,0.46589530848465505,0.8222222222222222,0.8666666666666667,strongly_entangling,,1,8,8,0,8,2,2,0,2,6,0,6,12,13,260,260000
amplitude,moons,43,2,0.46689400001228987,0.8111111111111111,0.8333333333333334,strongly_entangling,,1,8,8,0,8,2,2,0,2,6,0,6,12,13,260,260000
amplitude,moons,43,3,0.45457283342218213,0.8111111111111111,0.85,strongly_entangling,,1,8,8,0,8,2,2,0,2,6,0,6,12,13,260,260000
amplitude,moons,43,4,0.45140507396924007,0.8055555555555556,0.85,strongly_entangling,,1,8,8,0,8,2,2,0,2,6,0,6,12,13,260,260000
amplitude,moons,43,5,0.44947313520321536,0.8055555555555556,0.85,strongly_entangling,,1,8,8,0,8,2,2,0,2,6,0,6,12,13,260,260000
amplitude,moons,43,6,0.4496456040786432,0.8055555555555556,0.85,strongly_entangling,,1,8,8,0,8,2,2,0,2,6,0,6,12,13,260,260000
amplitude,moons,43,7,0.4486141127619716,0.8111111111111111,0.85,strongly_entangling,,1,8,8,0,8,2,2,0,2,6,0,6,12,13,260,260000
amplitude,moons,43,8,0.45479063034925277,0.8111111111111111,0.85,strongly_entangling,,1,8,8,0,8,2,2,0,2,6,0,6,12,13,260,260000
amplitude,moons,43,9,0.44859583880731385,0.8055555555555556,0.85,strongly_entangling,,1,8,8,0,8,2,2,0,2,6,0,6,12,13,260,260000
amplitude,moons,43,10,0.44886028112886833,0.8055555555555556,0.85,strongly_entangling,,1,8,8,0,8,2,2,0,2,6,0,6,12,13,260,260000
amplitude,moons,43,11,0.4490816029668447,0.8,0.85,strongly_entangling,,1,8,8,0,8,2,2,0,2,6,0,6,12,13,260,260000
amplitude,moons,43,12,0.45259293556719427,0.8055555555555556,0.85,strongly_entangling,,1,8,8,0,8,2,2,0,2,6,0,6,12,13,260,260000
amplitude,moons,43,13,0.45192352206058706,0.8055555555555556,0.85,strongly_entangling,,1,8,8,0,8,2,2,0,2,6,0,6,12,13,260,260000
amplitude,moons,43,14,0.45528039652248464,0.8111111111111111,0.85,strongly_entangling,,1,8,8,0,8,2,2,0,2,6,0,6,12,13,260,260000
amplitude,moons,43,15,0.4505870677444737,0.8,0.85,strongly_entangling,,1,8,8,0,8,2,2,0,2,6,0,6,12,13,260,260000
amplitude,moons,43,16,0.4502837373238514,0.8055555555555556,0.85,strongly_entangling,,1,8,8,0,8,2,2,0,2,6,0,6,12,13,260,260000
amplitude,moons,43,17,0.4495263143873435,0.8055555555555556,0.85,strongly_entangling,,1,8,8,0,8,2,2,0,2,6,0,6,12,13,260,260000
amplitude,moons,43,18,0.4517711794584833,0.8,0.85,strongly_entangling,,1,8,8,0,8,2,2,0,2,6,0,6,12,13,260,260000
amplitude,moons,43,19,0.45185647437631765,0.8055555555555556,0.85,strongly_entangling,,1,8,8,0,8,2,2,0,2,6,0,6,12,13,260,260000
amplitude,moons,43,20,0.4502852126061442,0.8,0.85,strongly_entangling,,1,8,8,0,8,2,2,0,2,6,0,6,12,13,260,260000
amplitude,moons,43,21,0.4505262910100611,0.8111111111111111,0.85,strongly_entangling,,1,8,8,0,8,2,2,0,2,6,0,6,12,13,260,260000
amplitude,moons,43,22,0.451054461622842,0.8111111111111111,0.85,strongly_entangling,,1,8,8,0,8,2,2,0,2,6,0,6,12,13,260,260000
amplitude,moons,43,23,0.45053013116156754,0.8111111111111111,0.85,strongly_entangling,,1,8,8,0,8,2,2,0,2,6,0,6,12,13,260,260000
amplitude,moons,43,24,0.45031245534915265,0.8,0.85,strongly_entangling,,1,8,8,0,8,2,2,0,2,6,0,6,12,13,260,260000
amplitude,moons,43,25,0.4501717895668051,0.8055555555555556,0.85,strongly_entangling,,1,8,8,0,8,2,2,0,2,6,0,6,12,13,260,260000
amplitude,moons,43,26,0.44936218625695173,0.8,0.85,strongly_entangling,,1,8,8,0,8,2,2,0,2,6,0,6,12,13,260,260000
amplitude,moons,43,27,0.4485562868965432,0.8111111111111111,0.85,strongly_entangling,,1,8,8,0,8,2,2,0,2,6,0,6,12,13,260,260000
amplitude,moons,43,28,0.4507788521657405,0.8,0.85,strongly_entangling,,1,8,8,0,8,2,2,0,2,6,0,6,12,13,260,260000
amplitude,moons,43,29,0.45444754585776753,0.8055555555555556,0.85,strongly_entangling,,1,8,8,0,8,2,2,0,2,6,0,6,12,13,260,260000
amplitude,moons,43,30,0.4553239392709519,0.8111111111111111,0.85,strongly_entangling,,1,8,8,0,8,2,2,0,2,6,0,6,12,13,260,260000
amplitude,moons,44,1,0.3967904633158153,0.85,0.8,strongly_entangling,,1,8,8,0,8,2,2,0,2,6,0,6,12,13,260,260000
amplitude,moons,44,2,0.42075727450739614,0.8722222222222222,0.8166666666666667,strongly_entangling,,1,8,8,0,8,2,2,0,2,6,0,6,12,13,260,260000
amplitude,moons,44,3,0.3993494825377079,0.8444444444444444,0.8,strongly_entangling,,1,8,8,0,8,2,2,0,2,6,0,6,12,13,260,260000
amplitude,moons,44,4,0.39766395961876666,0.8722222222222222,0.8333333333333334,strongly_entangling,,1,8,8,0,8,2,2,0,2,6,0,6,12,13,260,260000
amplitude,moons,44,5,0.4063520028098799,0.8333333333333334,0.7833333333333333,strongly_entangling,,1,8,8,0,8,2,2,0,2,6,0,6,12,13,260,260000
amplitude,moons,44,6,0.3988789044130976,0.8666666666666667,0.8333333333333334,strongly_entangling,,1,8,8,0,8,2,2,0,2,6,0,6,12,13,260,260000
amplitude,moons,44,7,0.3961602861976473,0.8611111111111112,0.8166666666666667,strongly_entangling,,1,8,8,0,8,2,2,0,2,6,0,6,12,13,260,260000
amplitude,moons,44,8,0.3966384840671771,0.8722222222222222,0.8333333333333334,strongly_entangling,,1,8,8,0,8,2,2,0,2,6,0,6,12,13,260,260000
amplitude,moons,44,9,0.3966868317636738,0.8555555555555555,0.8,strongly_entangling,,1,8,8,0,8,2,2,0,2,6,0,6,12,13,260,260000
amplitude,moons,44,10,0.39471477543521005,0.8722222222222222,0.85,strongly_entangling,,1,8,8,0,8,2,2,0,2,6,0,6,12,13,260,260000
amplitude,moons,44,11,0.3967718888137086,0.8722222222222222,0.8333333333333334,strongly_entangling,,1,8,8,0,8,2,2,0,2,6,0,6,12,13,260,260000
amplitude,moons,44,12,0.3961645621836711,0.8611111111111112,0.8166666666666667,strongly_entangling,,1,8,8,0,8,2,2,0,2,6,0,6,12,13,260,260000
amplitude,moons,44,13,0.3972415053762551,0.8722222222222222,0.8333333333333334,strongly_entangling,,1,8,8,0,8,2,2,0,2,6,0,6,12,13,260,260000
amplitude,moons,44,14,0.394682267938737,0.8722222222222222,0.85,strongly_entangling,,1,8,8,0,8,2,2,0,2,6,0,6,12,13,260,260000
amplitude,moons,44,15,0.3977779709332634,0.8555555555555555,0.8,strongly_entangling,,1,8,8,0,8,2,2,0,2,6,0,6,12,13,260,260000
amplitude,moons,44,16,0.39748106833960706,0.8722222222222222,0.8333333333333334,strongly_entangling,,1,8,8,0,8,2,2,0,2,6,0,6,12,13,260,260000
amplitude,moons,44,17,0.39606401677130554,0.8611111111111112,0.8166666666666667,strongly_entangling,,1,8,8,0,8,2,2,0,2,6,0,6,12,13,260,260000
amplitude,moons,44,18,0.4009585825743634,0.8666666666666667,0.8333333333333334,strongly_entangling,,1,8,8,0,8,2,2,0,2,6,0,6,12,13,260,260000
amplitude,moons,44,19,0.39811473104316525,0.8611111111111112,0.8166666666666667,strongly_entangling,,1,8,8,0,8,2,2,0,2,6,0,6,12,13,260,260000
amplitude,moons,44,20,0.3959005008863132,0.8722222222222222,0.8166666666666667,strongly_entangling,,1,8,8,0,8,2,2,0,2,6,0,6,12,13,260,260000
amplitude,moons,44,21,0.40809872898320226,0.8611111111111112,0.8333333333333334,strongly_entangling,,1,8,8,0,8,2,2,0,2,6,0,6,12,13,260,260000
amplitude,moons,44,22,0.3952859755195232,0.8722222222222222,0.8166666666666667,strongly_entangling,,1,8,8,0,8,2,2,0,2,6,0,6,12,13,260,260000
amplitude,moons,44,23,0.39502851378809034,0.8722222222222222,0.8166666666666667,strongly_entangling,,1,8,8,0,8,2,2,0,2,6,0,6,12,13,260,260000
amplitude,moons,44,24,0.3969942567193135,0.8722222222222222,0.8166666666666667,strongly_entangling,,1,8,8,0,8,2,2,0,2,6,0,6,12,13,260,260000
amplitude,moons,44,25,0.39475658899498867,0.8722222222222222,0.85,strongly_entangling,,1,8,8,0,8,2,2,0,2,6,0,6,12,13,260,260000
amplitude,moons,44,26,0.39506464300257177,0.8722222222222222,0.8333333333333334,strongly_entangling,,1,8,8,0,8,2,2,0,2,6,0,6,12,13,260,260000
amplitude,moons,44,27,0.39474913985216,0.8722222222222222,0.85,strongly_entangling,,1,8,8,0,8,2,2,0,2,6,0,6,12,13,260,260000
amplitude,moons,44,28,0.39469885532816623,0.8722222222222222,0.85,strongly_entangling,,1,8,8,0,8,2,2,0,2,6,0,6,12,13,260,260000
amplitude,moons,44,29,0.3968609668807964,0.8722222222222222,0.8333333333333334,strongly_entangling,,1,8,8,0,8,2,2,0,2,6,0,6,12,13,260,260000
amplitude,moons,44,30,0.395175209596333,0.8722222222222222,0.8166666666666667,strongly_entangling,,1,8,8,0,8,2,2,0,2,6,0,6,12,13,260,260000
amplitude,moons,45,1,0.3905552198644443,0.8611111111111112,0.8333333333333334,strongly_entangling,,1,8,8,0,8,2,2,0,2,6,0,6,12,13,260,260000
amplitude,moons,45,2,0.3935092392389018,0.8333333333333334,0.8166666666666667,strongly_entangling,,1,8,8,0,8,2,2,0,2,6,0,6,12,13,260,260000
amplitude,moons,45,3,0.39412434532173046,0.8833333333333333,0.8,strongly_entangling,,1,8,8,0,8,2,2,0,2,6,0,6,12,13,260,260000
amplitude,moons,45,4,0.39536735247940913,0.8333333333333334,0.8166666666666667,strongly_entangling,,1,8,8,0,8,2,2,0,2,6,0,6,12,13,260,260000
amplitude,moons,45,5,0.40229952720156253,0.8944444444444445,0.7833333333333333,strongly_entangling,,1,8,8,0,8,2,2,0,2,6,0,6,12,13,260,260000
amplitude,moons,45,6,0.39192041603183064,0.85,0.8333333333333334,strongly_entangling,,1,8,8,0,8,2,2,0,2,6,0,6,12,13,260,260000
amplitude,moons,45,7,0.38929761777660027,0.8611111111111112,0.85,strongly_entangling,,1,8,8,0,8,2,2,0,2,6,0,6,12,13,260,260000
amplitude,moons,45,8,0.3901583882172336,0.8777777777777778,0.8333333333333334,strongly_entangling,,1,8,8,0,8,2,2,0,2,6,0,6,12,13,260,260000
amplitude,moons,45,9,0.3880374596006926,0.8666666666666667,0.85,strongly_entangling,,1,8,8,0,8,2,2,0,2,6,0,6,12,13,260,260000
amplitude,moons,45,10,0.38850336553110376,0.8611111111111112,0.85,strongly_entangling,,1,8,8,0,8,2,2,0,2,6,0,6,12,13,260,260000
amplitude,moons,45,11,0.3875821168921385,0.8722222222222222,0.8333333333333334,strongly_entangling,,1,8,8,0,8,2,2,0,2,6,0,6,12,13,260,260000
amplitude,moons,45,12,0.3875554198226636,0.8666666666666667,0.85,strongly_entangling,,1,8,8,0,8,2,2,0,2,6,0,6,12,13,260,260000
amplitude,moons,45,13,0.3874072908371922,0.8777777777777778,0.8333333333333334,strongly_entangling,,1,8,8,0,8,2,2,0,2,6,0,6,12,13,260,260000
amplitude,moons,45,14,0.3876822065909806,0.8833333333333333,0.8333333333333334,strongly_entangling,,1,8,8,0,8,2,2,0,2,6,0,6,12,13,260,260000
amplitude,moons,45,15,0.38802008217175316,0.8666666666666667,0.85,strongly_entangling,,1,8,8,0,8,2,2,0,2,6,0,6,12,13,260,260000
amplitude,moons,45,16,0.38755869781749763,0.8777777777777778,0.8333333333333334,strongly_entangling,,1,8,8,0,8,2,2,0,2,6,0,6,12,13,260,260000
amplitude,moons,45,17,0.38799375761046506,0.8666666666666667,0.85,strongly_entangling,,1,8,8,0,8,2,2,0,2,6,0,6,12,13,260,260000
amplitude,moons,45,18,0.38801455251848566,0.8666666666666667,0.85,strongly_entangling,,1,8,8,0,8,2,2,0,2,6,0,6,12,13,260,260000
amplitude,moons,45,19,0.39490416357432817,0.8833333333333333,0.8,strongly_entangling,,1,8,8,0,8,2,2,0,2,6,0,6,12,13,260,260000
amplitude,moons,45,20,0.38934744016201217,0.8611111111111112,0.85,strongly_entangling,,1,8,8,0,8,2,2,0,2,6,0,6,12,13,260,260000
amplitude,moons,45,21,0.3884783968113426,0.8777777777777778,0.8333333333333334,strongly_entangling,,1,8,8,0,8,2,2,0,2,6,0,6,12,13,260,260000
amplitude,moons,45,22,0.3881664539858881,0.8777777777777778,0.8333333333333334,strongly_entangling,,1,8,8,0,8,2,2,0,2,6,0,6,12,13,260,260000
amplitude,moons,45,23,0.38882048043991396,0.8611111111111112,0.85,strongly_entangling,,1,8,8,0,8,2,2,0,2,6,0,6,12,13,260,260000
amplitude,moons,45,24,0.38869887865269326,0.8777777777777778,0.8333333333333334,strongly_entangling,,1,8,8,0,8,2,2,0,2,6,0,6,12,13,260,260000
amplitude,moons,45,25,0.3940245599365395,0.8333333333333334,0.8166666666666667,strongly_entangling,,1,8,8,0,8,2,2,0,2,6,0,6,12,13,260,260000
amplitude,moons,45,26,0.3907035093062221,0.8777777777777778,0.8333333333333334,strongly_entangling,,1,8,8,0,8,2,2,0,2,6,0,6,12,13,260,260000
amplitude,moons,45,27,0.39140605803527134,0.8777777777777778,0.8166666666666667,strongly_entangling,,1,8,8,0,8,2,2,0,2,6,0,6,12,13,260,260000
amplitude,moons,45,28,0.3935679603816589,0.8888888888888888,0.7833333333333333,strongly_entangling,,1,8,8,0,8,2,2,0,2,6,0,6,12,13,260,260000
amplitude,moons,45,29,0.38723031143317094,0.8777777777777778,0.8333333333333334,strongly_entangling,,1,8,8,0,8,2,2,0,2,6,0,6,12,13,260,260000
amplitude,moons,45,30,0.4001259966526967,0.8222222222222222,0.8333333333333334,strongly_entangling,,1,8,8,0,8,2,2,0,2,6,0,6,12,13,260,260000
amplitude,moons,46,1,0.5196719776943659,0.8277777777777777,0.9,strongly_entangling,,1,8,8,0,8,2,2,0,2,6,0,6,12,13,260,260000
amplitude,moons,46,2,0.4999822618139978,0.8166666666666667,0.8833333333333333,strongly_entangling,,1,8,8,0,8,2,2,0,2,6,0,6,12,13,260,260000
amplitude,moons,46,3,0.4745577802093357,0.8222222222222222,0.9166666666666666,strongly_entangling,,1,8,8,0,8,2,2,0,2,6,0,6,12,13,260,260000
amplitude,moons,46,4,0.47096744947926367,0.8166666666666667,0.9,strongly_entangling,,1,8,8,0,8,2,2,0,2,6,0,6,12,13,260,260000
amplitude,moons,46,5,0.461739679119176,0.8111111111111111,0.8833333333333333,strongly_entangling,,1,8,8,0,8,2,2,0,2,6,0,6,12,13,260,260000
amplitude,moons,46,6,0.46134846810392754,0.8111111111111111,0.8833333333333333,strongly_entangling,,1,8,8,0,8,2,2,0,2,6,0,6,12,13,260,260000
amplitude,moons,46,7,0.46094885862072393,0.8166666666666667,0.8833333333333333,strongly_entangling,,1,8,8,0,8,2,2,0,2,6,0,6,12,13,260,260000
amplitude,moons,46,8,0.4609564084946065,0.8111111111111111,0.8833333333333333,strongly_entangling,,1,8,8,0,8,2,2,0,2,6,0,6,12,13,260,260000
amplitude,moons,46,9,0.4609091553887008,0.8166666666666667,0.8833333333333333,strongly_entangling,,1,8,8,0,8,2,2,0,2,6,0,6,12,13,260,260000
amplitude,moons,46,10,0.46354541961387524,0.8055555555555556,0.9166666666666666,strongly_entangling,,1,8,8,0,8,2,2,0,2,6,0,6,12,13,260,260000
amplitude,moons,46,11,0.4654704279822175,0.8222222222222222,0.8833333333333333,strongly_entangling,,1,8,8,0,8,2,2,0,2,6,0,6,12,13,260,260000
amplitude,moons,46,12,0.46421740571439785,0.8055555555555556,0.9,strongly_entangling,,1,8,8,0,8,2,2,0,2,6,0,6,12,13,260,260000
amplitude,moons,46,13,0.46247230012391227,0.8055555555555556,0.9,strongly_entangling,,1,8,8,0,8,2,2,0,2,6,0,6,12,13,260,260000
amplitude,moons,46,14,0.4675299137574658,0.8166666666666667,0.9,strongly_entangling,,1,8,8,0,8,2,2,0,2,6,0,6,12,13,260,260000
amplitude,moons,46,15,0.46733965416131584,0.8055555555555556,0.9166666666666666,strongly_entangling,,1,8,8,0,8,2,2,0,2,6,0,6,12,13,260,260000
amplitude,moons,46,16,0.46376981174980614,0.8222222222222222,0.8833333333333333,strongly_entangling,,1,8,8,0,8,2,2,0,2,6,0,6,12,13,260,260000
amplitude,moons,46,17,0.4629774672870939,0.8111111111111111,0.8833333333333333,strongly_entangling,,1,8,8,0,8,2,2,0,2,6,0,6,12,13,260,260000
amplitude,moons,46,18,0.46108730940994413,0.8166666666666667,0.8833333333333333,strongly_entangling,,1,8,8,0,8,2,2,0,2,6,0,6,12,13,260,260000
amplitude,moons,46,19,0.4617011228618281,0.8111111111111111,0.8833333333333333,strongly_entangling,,1,8,8,0,8,2,2,0,2,6,0,6,12,13,260,260000
amplitude,moons,46,20,0.4613417208458445,0.8111111111111111,0.8833333333333333,strongly_entangling,,1,8,8,0,8,2,2,0,2,6,0,6,12,13,260,260000
amplitude,moons,46,21,0.4610232084970113,0.8111111111111111,0.8833333333333333,strongly_entangling,,1,8,8,0,8,2,2,0,2,6,0,6,12,13,260,260000
amplitude,moons,46,22,0.4615997543280973,0.8111111111111111,0.8833333333333333,strongly_entangling,,1,8,8,0,8,2,2,0,2,6,0,6,12,13,260,260000
amplitude,moons,46,23,0.46105443668961404,0.8111111111111111,0.8833333333333333,strongly_entangling,,1,8,8,0,8,2,2,0,2,6,0,6,12,13,260,260000
amplitude,moons,46,24,0.46121842711240707,0.8111111111111111,0.8833333333333333,strongly_entangling,,1,8,8,0,8,2,2,0,2,6,0,6,12,13,260,260000
amplitude,moons,46,25,0.46100693270504195,0.8111111111111111,0.8833333333333333,strongly_entangling,,1,8,8,0,8,2,2,0,2,6,0,6,12,13,260,260000
amplitude,moons,46,26,0.46160247471861593,0.8111111111111111,0.8833333333333333,strongly_entangling,,1,8,8,0,8,2,2,0,2,6,0,6,12,13,260,260000
amplitude,moons,46,27,0.46131630371284066,0.8111111111111111,0.8833333333333333,strongly_entangling,,1,8,8,0,8,2,2,0,2,6,0,6,12,13,260,260000
amplitude,moons,46,28,0.4611554974215017,0.8111111111111111,0.8833333333333333,strongly_entangling,,1,8,8,0,8,2,2,0,2,6,0,6,12,13,260,260000
amplitude,moons,46,29,0.4630076753442171,0.8166666666666667,0.8833333333333333,strongly_entangling,,1,8,8,0,8,2,2,0,2,6,0,6,12,13,260,260000
amplitude,moons,46,30,0.461952927832473,0.8055555555555556,0.9,strongly_entangling,,1,8,8,0,8,2,2,0,2,6,0,6,12,13,260,260000
amplitude,circles,42,1,0.9119929336460324,0.5833333333333334,0.5333333333333333,strongly_entangling,,1,8,8,0,8,2,2,0,2,6,0,6,12,13,260,260000
amplitude,circles,42,2,0.8334678416438419,0.6722222222222223,0.6166666666666667,strongly_entangling,,1,8,8,0,8,2,2,0,2,6,0,6,12,13,260,260000
amplitude,circles,42,3,0.7948248129074934,0.7388888888888889,0.6833333333333333,strongly_entangling,,1,8,8,0,8,2,2,0,2,6,0,6,12,13,260,260000
amplitude,circles,42,4,0.8057412904534212,0.7277777777777777,0.7,strongly_entangling,,1,8,8,0,8,2,2,0,2,6,0,6,12,13,260,260000
amplitude,circles,42,5,0.7986445841135492,0.7555555555555555,0.7333333333333333,strongly_entangling,,1,8,8,0,8,2,2,0,2,6,0,6,12,13,260,260000
amplitude,circles,42,6,0.7941579044608374,0.7666666666666667,0.6666666666666666,strongly_entangling,,1,8,8,0,8,2,2,0,2,6,0,6,12,13,260,260000
amplitude,circles,42,7,0.7994660929397424,0.7833333333333333,0.75,strongly_entangling,,1,8,8,0,8,2,2,0,2,6,0,6,12,13,260,260000
amplitude,circles,42,8,0.7911934596137578,0.7777777777777778,0.7,strongly_entangling,,1,8,8,0,8,2,2,0,2,6,0,6,12,13,260,260000
amplitude,circles,42,9,0.7927895510494699,0.7833333333333333,0.7166666666666667,strongly_entangling,,1,8,8,0,8,2,2,0,2,6,0,6,12,13,260,260000
amplitude,circles,42,10,0.7927634615735725,0.7611111111111111,0.6666666666666666,strongly_entangling,,1,8,8,0,8,2,2,0,2,6,0,6,12,13,260,260000
amplitude,circles,42,11,0.7919171864454575,0.7722222222222223,0.7166666666666667,strongly_entangling,,1,8,8,0,8,2,2,0,2,6,0,6,12,13,260,260000
amplitude,circles,42,12,0.7909669406095282,0.7833333333333333,0.7,strongly_entangling,,1,8,8,0,8,2,2,0,2,6,0,6,12,13,260,260000
amplitude,circles,42,13,0.8126147786523723,0.7055555555555556,0.6166666666666667,strongly_entangling,,1,8,8,0,8,2,2,0,2,6,0,6,12,13,260,260000
amplitude,circles,42,14,0.805875777510417,0.7555555555555555,0.6333333333333333,strongly_entangling,,1,8,8,0,8,2,2,0,2,6,0,6,12,13,260,260000
amplitude,circles,42,15,0.8017948030778288,0.7444444444444445,0.7333333333333333,strongly_entangling,,1,8,8,0,8,2,2,0,2,6,0,6,12,13,260,260000
amplitude,circles,42,16,0.7992023041393007,0.7666666666666667,0.6833333333333333,strongly_entangling,,1,8,8,0,8,2,2,0,2,6,0,6,12,13,260,260000
amplitude,circles,42,17,0.799632231780819,0.7777777777777778,0.7166666666666667,strongly_entangling,,1,8,8,0,8,2,2,0,2,6,0,6,12,13,260,260000
amplitude,circles,42,18,0.7942176841098377,0.7833333333333333,0.7166666666666667,strongly_entangling,,1,8,8,0,8,2,2,0,2,6,0,6,12,13,260,260000
amplitude,circles,42,19,0.7918074169220627,0.7777777777777778,0.7166666666666667,strongly_entangling,,1,8,8,0,8,2,2,0,2,6,0,6,12,13,260,260000
amplitude,circles,42,20,0.7957612966005418,0.7555555555555555,0.7166666666666667,strongly_entangling,,1,8,8,0,8,2,2,0,2,6,0,6,12,13,260,260000
amplitude,circles,42,21,0.7904686531338282,0.7722222222222223,0.7166666666666667,strongly_entangling,,1,8,8,0,8,2,2,0,2,6,0,6,12,13,260,260000
amplitude,circles,42,22,0.8023193866850225,0.7444444444444445,0.6666666666666666,strongly_entangling,,1,8,8,0,8,2,2,0,2,6,0,6,12,13,260,260000
amplitude,circles,42,23,0.7949209643659628,0.7444444444444445,0.75,strongly_entangling,,1,8,8,0,8,2,2,0,2,6,0,6,12,13,260,260000
amplitude,circles,42,24,0.7938727389372908,0.7555555555555555,0.6833333333333333,strongly_entangling,,1,8,8,0,8,2,2,0,2,6,0,6,12,13,260,260000
amplitude,circles,42,25,0.7938585695066109,0.7666666666666667,0.7166666666666667,strongly_entangling,,1,8,8,0,8,2,2,0,2,6,0,6,12,13,260,260000
amplitude,circles,42,26,0.8135170574687041,0.7111111111111111,0.7333333333333333,strongly_entangling,,1,8,8,0,8,2,2,0,2,6,0,6,12,13,260,260000
amplitude,circles,42,27,0.8179808179717153,0.7,0.6166666666666667,strongly_entangling,,1,8,8,0,8,2,2,0,2,6,0,6,12,13,260,260000
amplitude,circles,42,28,0.8039291099662766,0.7555555555555555,0.65,strongly_entangling,,1,8,8,0,8,2,2,0,2,6,0,6,12,13,260,260000
amplitude,circles,42,29,0.7947459913687185,0.7611111111111111,0.75,strongly_entangling,,1,8,8,0,8,2,2,0,2,6,0,6,12,13,260,260000
amplitude,circles,42,30,0.7905222866145896,0.7833333333333333,0.7333333333333333,strongly_entangling,,1,8,8,0,8,2,2,0,2,6,0,6,12,13,260,260000
amplitude,circles,43,1,1.0067308220897295,0.6277777777777778,0.6333333333333333,strongly_entangling,,1,8,8,0,8,2,2,0,2,6,0,6,12,13,260,260000
amplitude,circles,43,2,0.8346204102191204,0.7111111111111111,0.7166666666666667,strongly_entangling,,1,8,8,0,8,2,2,0,2,6,0,6,12,13,260,260000
amplitude,circles,43,3,0.8128719181604613,0.7555555555555555,0.7666666666666667,strongly_entangling,,1,8,8,0,8,2,2,0,2,6,0,6,12,13,260,260000
amplitude,circles,43,4,0.818350946874038,0.75,0.85,strongly_entangling,,1,8,8,0,8,2,2,0,2,6,0,6,12,13,260,260000
amplitude,circles,43,5,0.8260733387742495,0.7222222222222222,0.75,strongly_entangling,,1,8,8,0,8,2,2,0,2,6,0,6,12,13,260,260000
amplitude,circles,43,6,0.8166450539866594,0.7444444444444445,0.8,strongly_entangling,,1,8,8,0,8,2,2,0,2,6,0,6,12,13,260,260000
amplitude,circles,43,7,0.8114003875076191,0.7444444444444445,0.8166666666666667,strongly_entangling,,1,8,8,0,8,2,2,0,2,6,0,6,12,13,260,260000
amplitude,circles,43,8,0.8157573310074308,0.7333333333333333,0.8,strongly_entangling,,1,8,8,0,8,2,2,0,2,6,0,6,12,13,260,260000
amplitude,circles,43,9,0.8167247318556323,0.7333333333333333,0.7833333333333333,strongly_entangling,,1,8,8,0,8,2,2,0,2,6,0,6,12,13,260,260000
amplitude,circles,43,10,0.8227795955639512,0.7555555555555555,0.8166666666666667,strongly_entangling,,1,8,8,0,8,2,2,0,2,6,0,6,12,13,260,260000
amplitude,circles,43,11,0.8165168006461613,0.75,0.75,strongly_entangling,,1,8,8,0,8,2,2,0,2,6,0,6,12,13,260,260000
amplitude,circles,43,12,0.8155452164357165,0.7444444444444445,0.7833333333333333,strongly_entangling,,1,8,8,0,8,2,2,0,2,6,0,6,12,13,260,260000
amplitude,circles,43,13,0.811180140050745,0.75,0.8166666666666667,strongly_entangling,,1,8,8,0,8,2,2,0,2,6,0,6,12,13,260,260000
amplitude,circles,43,14,0.8169046009578163,0.7277777777777777,0.8166666666666667,strongly_entangling,,1,8,8,0,8,2,2,0,2,6,0,6,12,13,260,260000
amplitude,circles,43,15,0.8107938230086966,0.75,0.8,strongly_entangling,,1,8,8,0,8,2,2,0,2,6,0,6,12,13,260,260000
amplitude,circles,43,16,0.8089938794300464,0.7666666666666667,0.8,strongly_entangling,,1,8,8,0,8,2,2,0,2,6,0,6,12,13,260,260000
amplitude,circles,43,17,0.8142941086071946,0.7388888888888889,0.7833333333333333,strongly_entangling,,1,8,8,0,8,2,2,0,2,6,0,6,12,13,260,260000
amplitude,circles,43,18,0.8229258737704626,0.7277777777777777,0.7833333333333333,strongly_entangling,,1,8,8,0,8,2,2,0,2,6,0,6,12,13,260,260000
amplitude,circles,43,19,0.8099089971020532,0.7555555555555555,0.7833333333333333,strongly_entangling,,1,8,8,0,8,2,2,0,2,6,0,6,12,13,260,260000
amplitude,circles,43,20,0.8080087928096743,0.7666666666666667,0.85,strongly_entangling,,1,8,8,0,8,2,2,0,2,6,0,6,12,13,260,260000
amplitude,circles,43,21,0.8100435090815242,0.7777777777777778,0.8166666666666667,strongly_entangling,,1,8,8,0,8,2,2,0,2,6,0,6,12,13,260,260000
amplitude,circles,43,22,0.8148042379143302,0.7444444444444445,0.7666666666666667,strongly_entangling,,1,8,8,0,8,2,2,0,2,6,0,6,12,13,260,260000
amplitude,circles,43,23,0.8078248650066845,0.7722222222222223,0.8166666666666667,strongly_entangling,,1,8,8,0,8,2,2,0,2,6,0,6,12,13,260,260000
amplitude,circles,43,24,0.8095096373786118,0.7555555555555555,0.8,strongly_entangling,,1,8,8,0,8,2,2,0,2,6,0,6,12,13,260,260000
amplitude,circles,43,25,0.8136476050581598,0.7333333333333333,0.8,strongly_entangling,,1,8,8,0,8,2,2,0,2,6,0,6,12,13,260,260000
amplitude,circles,43,26,0.8075885837796499,0.7555555555555555,0.8333333333333334,strongly_entangling,,1,8,8,0,8,2,2,0,2,6,0,6,12,13,260,260000
amplitude,circles,43,27,0.8117844071722702,0.7666666666666667,0.8166666666666667,strongly_entangling,,1,8,8,0,8,2,2,0,2,6,0,6,12,13,260,260000
amplitude,circles,43,28,0.8092980182973698,0.7555555555555555,0.8166666666666667,strongly_entangling,,1,8,8,0,8,2,2,0,2,6,0,6,12,13,260,260000
amplitude,circles,43,29,0.8092015128189751,0.7555555555555555,0.8333333333333334,strongly_entangling,,1,8,8,0,8,2,2,0,2,6,0,6,12,13,260,260000
amplitude,circles,43,30,0.8102881230376132,0.7611111111111111,0.8,strongly_entangling,,1,8,8,0,8,2,2,0,2,6,0,6,12,13,260,260000
amplitude,circles,44,1,1.1874825253869807,0.5666666666666667,0.6666666666666666,strongly_entangling,,1,8,8,0,8,2,2,0,2,6,0,6,12,13,260,260000
amplitude,circles,44,2,0.9444215325857847,0.5,0.5,strongly_entangling,,1,8,8,0,8,2,2,0,2,6,0,6,12,13,260,260000
amplitude,circles,44,3,0.8724119079349268,0.65,0.65,strongly_entangling,,1,8,8,0,8,2,2,0,2,6,0,6,12,13,260,260000
amplitude,circles,44,4,0.8100031854663737,0.7555555555555555,0.7666666666666667,strongly_entangling,,1,8,8,0,8,2,2,0,2,6,0,6,12,13,260,260000
amplitude,circles,44,5,0.811435982950772,0.7222222222222222,0.7833333333333333,strongly_entangling,,1,8,8,0,8,2,2,0,2,6,0,6,12,13,260,260000
amplitude,circles,44,6,0.8031026587339284,0.8,0.75,strongly_entangling,,1,8,8,0,8,2,2,0,2,6,0,6,12,13,260,260000
amplitude,circles,44,7,0.8075198835474828,0.7722222222222223,0.75,strongly_entangling,,1,8,8,0,8,2,2,0,2,6,0,6,12,13,260,260000
amplitude,circles,44,8,0.8064953662239002,0.7333333333333333,0.8,strongly_entangling,,1,8,8,0,8,2,2,0,2,6,0,6,12,13,260,260000
amplitude,circles,44,9,0.8030813526584852,0.8,0.75,strongly_entangling,,1,8,8,0,8,2,2,0,2,6,0,6,12,13,260,260000
amplitude,circles,44,10,0.8058673615927607,0.7666666666666667,0.75,strongly_entangling,,1,8,8,0,8,2,2,0,2,6,0,6,12,13,260,260000
amplitude,circles,44,11,0.8055838765127141,0.75,0.8,strongly_entangling,,1,8,8,0,8,2,2,0,2,6,0,6,12,13,260,260000
amplitude,circles,44,12,0.803035998995332,0.7888888888888889,0.7666666666666667,strongly_entangling,,1,8,8,0,8,2,2,0,2,6,0,6,12,13,260,260000
amplitude,circles,44,13,0.8047061549799163,0.7777777777777778,0.7666666666666667,strongly_entangling,,1,8,8,0,8,2,2,0,2,6,0,6,12,13,260,260000
amplitude,circles,44,14,0.814248706803877,0.7166666666666667,0.7333333333333333,strongly_entangling,,1,8,8,0,8,2,2,0,2,6,0,6,12,13,260,260000
amplitude,circles,44,15,0.8105245512751628,0.75,0.7333333333333333,strongly_entangling,,1,8,8,0,8,2,2,0,2,6,0,6,12,13,260,260000
amplitude,circles,44,16,0.8105419499684093,0.75,0.7833333333333333,strongly_entangling,,1,8,8,0,8,2,2,0,2,6,0,6,12,13,260,260000
amplitude,circles,44,17,0.803748273833851,0.7722222222222223,0.7666666666666667,strongly_entangling,,1,8,8,0,8,2,2,0,2,6,0,6,12,13,260,260000
amplitude,circles,44,18,0.8060710390557546,0.7333333333333333,0.8,strongly_entangling,,1,8,8,0,8,2,2,0,2,6,0,6,12,13,260,260000
amplitude,circles,44,19,0.806294318194659,0.7833333333333333,0.7666666666666667,strongly_entangling,,1,8,8,0,8,2,2,0,2,6,0,6,12,13,260,260000
amplitude,circles,44,20,0.8029725451540599,0.7944444444444444,0.7666666666666667,strongly_entangling,,1,8,8,0,8,2,2,0,2,6,0,6,12,13,260,260000
amplitude,circles,44,21,0.8055927861294309,0.7777777777777778,0.7666666666666667,strongly_entangling,,1,8,8,0,8,2,2,0,2,6,0,6,12,13,260,260000
amplitude,circles,44,22,0.8031721299478126,0.8,0.7666666666666667,strongly_entangling,,1,8,8,0,8,2,2,0,2,6,0,6,12,13,260,260000
amplitude,circles,44,23,0.8127672508597584,0.7277777777777777,0.75,strongly_entangling,,1,8,8,0,8,2,2,0,2,6,0,6,12,13,260,260000
amplitude,circles,44,24,0.8273343170025315,0.6944444444444444,0.65,strongly_entangling,,1,8,8,0,8,2,2,0,2,6,0,6,12,13,260,260000
amplitude,circles,44,25,0.803419807784033,0.7833333333333333,0.7833333333333333,strongly_entangling,,1,8,8,0,8,2,2,0,2,6,0,6,12,13,260,260000
amplitude,circles,44,26,0.8060050668271673,0.7722222222222223,0.7833333333333333,strongly_entangling,,1,8,8,0,8,2,2,0,2,6,0,6,12,13,260,260000
amplitude,circles,44,27,0.8037261528655258,0.7944444444444444,0.7666666666666667,strongly_entangling,,1,8,8,0,8,2,2,0,2,6,0,6,12,13,260,260000
amplitude,circles,44,28,0.8052019333549879,0.7833333333333333,0.7666666666666667,strongly_entangling,,1,8,8,0,8,2,2,0,2,6,0,6,12,13,260,260000
amplitude,circles,44,29,0.8090794477765508,0.7555555555555555,0.75,strongly_entangling,,1,8,8,0,8,2,2,0,2,6,0,6,12,13,260,260000
amplitude,circles,44,30,0.8074618585325118,0.7777777777777778,0.7666666666666667,strongly_entangling,,1,8,8,0,8,2,2,0,2,6,0,6,12,13,260,260000
amplitude,circles,45,1,1.1570250892715035,0.5166666666666667,0.43333333333333335,strongly_entangling,,1,8,8,0,8,2,2,0,2,6,0,6,12,13,260,260000
amplitude,circles,45,2,0.8288979559904224,0.6611111111111111,0.7166666666666667,strongly_entangling,,1,8,8,0,8,2,2,0,2,6,0,6,12,13,260,260000
amplitude,circles,45,3,0.8211939937356088,0.7222222222222222,0.7833333333333333,strongly_entangling,,1,8,8,0,8,2,2,0,2,6,0,6,12,13,260,260000
amplitude,circles,45,4,0.8061786814866416,0.75,0.7666666666666667,strongly_entangling,,1,8,8,0,8,2,2,0,2,6,0,6,12,13,260,260000
amplitude,circles,45,5,0.8012629077441946,0.7277777777777777,0.7833333333333333,strongly_entangling,,1,8,8,0,8,2,2,0,2,6,0,6,12,13,260,260000
amplitude,circles,45,6,0.7958019753459284,0.75,0.8,strongly_entangling,,1,8,8,0,8,2,2,0,2,6,0,6,12,13,260,260000
amplitude,circles,45,7,0.8002753768620519,0.7444444444444445,0.8,strongly_entangling,,1,8,8,0,8,2,2,0,2,6,0,6,12,13,260,260000
amplitude,circles,45,8,0.7962409479186533,0.75,0.8,strongly_entangling,,1,8,8,0,8,2,2,0,2,6,0,6,12,13,260,260000
amplitude,circles,45,9,0.7974904559986088,0.7444444444444445,0.8166666666666667,strongly_entangling,,1,8,8,0,8,2,2,0,2,6,0,6,12,13,260,260000
amplitude,circles,45,10,0.796108333135902,0.7333333333333333,0.7833333333333333,strongly_entangling,,1,8,8,0,8,2,2,0,2,6,0,6,12,13,260,260000
amplitude,circles,45,11,0.7996070190883428,0.7333333333333333,0.7833333333333333,strongly_entangling,,1,8,8,0,8,2,2,0,2,6,0,6,12,13,260,260000
amplitude,circles,45,12,0.7956777698582771,0.7333333333333333,0.8166666666666667,strongly_entangling,,1,8,8,0,8,2,2,0,2,6,0,6,12,13,260,260000
amplitude,circles,45,13,0.7989761539094802,0.7722222222222223,0.8,strongly_entangling,,1,8,8,0,8,2,2,0,2,6,0,6,12,13,260,260000
amplitude,circles,45,14,0.8086434902966965,0.7055555555555556,0.7833333333333333,strongly_entangling,,1,8,8,0,8,2,2,0,2,6,0,6,12,13,260,260000
amplitude,circles,45,15,0.8008660747416533,0.75,0.7666666666666667,strongly_entangling,,1,8,8,0,8,2,2,0,2,6,0,6,12,13,260,260000
amplitude,circles,45,16,0.7956313164894008,0.7277777777777777,0.8,strongly_entangling,,1,8,8,0,8,2,2,0,2,6,0,6,12,13,260,260000
amplitude,circles,45,17,0.8028129128223102,0.75,0.8333333333333334,strongly_entangling,,1,8,8,0,8,2,2,0,2,6,0,6,12,13,260,260000
amplitude,circles,45,18,0.819950062892522,0.7222222222222222,0.6833333333333333,strongly_entangling,,1,8,8,0,8,2,2,0,2,6,0,6,12,13,260,260000
amplitude,circles,45,19,0.8028408628244321,0.7388888888888889,0.85,strongly_entangling,,1,8,8,0,8,2,2,0,2,6,0,6,12,13,260,260000
amplitude,circles,45,20,0.7972850500762964,0.7444444444444445,0.8166666666666667,strongly_entangling,,1,8,8,0,8,2,2,0,2,6,0,6,12,13,260,260000
amplitude,circles,45,21,0.7956180595037535,0.7444444444444445,0.8,strongly_entangling,,1,8,8,0,8,2,2,0,2,6,0,6,12,13,260,260000
amplitude,circles,45,22,0.7981349539651248,0.7166666666666667,0.8,strongly_entangling,,1,8,8,0,8,2,2,0,2,6,0,6,12,13,260,260000
amplitude,circles,45,23,0.7976355637883421,0.7277777777777777,0.7833333333333333,strongly_entangling,,1,8,8,0,8,2,2,0,2,6,0,6,12,13,260,260000
amplitude,circles,45,24,0.8002215496493394,0.7666666666666667,0.8333333333333334,strongly_entangling,,1,8,8,0,8,2,2,0,2,6,0,6,12,13,260,260000
amplitude,circles,45,25,0.808890000184274,0.7333333333333333,0.75,strongly_entangling,,1,8,8,0,8,2,2,0,2,6,0,6,12,13,260,260000
amplitude,circles,45,26,0.797705892913047,0.7388888888888889,0.8166666666666667,strongly_entangling,,1,8,8,0,8,2,2,0,2,6,0,6,12,13,260,260000
amplitude,circles,45,27,0.817610829981153,0.75,0.8333333333333334,strongly_entangling,,1,8,8,0,8,2,2,0,2,6,0,6,12,13,260,260000
amplitude,circles,45,28,0.8021042782523075,0.7444444444444445,0.7833333333333333,strongly_entangling,,1,8,8,0,8,2,2,0,2,6,0,6,12,13,260,260000
amplitude,circles,45,29,0.8054372171327016,0.7555555555555555,0.8333333333333334,strongly_entangling,,1,8,8,0,8,2,2,0,2,6,0,6,12,13,260,260000
amplitude,circles,45,30,0.7968625266756055,0.7222222222222222,0.8166666666666667,strongly_entangling,,1,8,8,0,8,2,2,0,2,6,0,6,12,13,260,260000
amplitude,circles,46,1,1.1764848915922963,0.42777777777777776,0.5166666666666667,strongly_entangling,,1,8,8,0,8,2,2,0,2,6,0,6,12,13,260,260000
amplitude,circles,46,2,0.8227371501924505,0.6944444444444444,0.75,strongly_entangling,,1,8,8,0,8,2,2,0,2,6,0,6,12,13,260,260000
amplitude,circles,46,3,0.7949806606593054,0.75,0.6666666666666666,strongly_entangling,,1,8,8,0,8,2,2,0,2,6,0,6,12,13,260,260000
amplitude,circles,46,4,0.7822364936690974,0.7666666666666667,0.8,strongly_entangling,,1,8,8,0,8,2,2,0,2,6,0,6,12,13,260,260000
amplitude,circles,46,5,0.7816554170899006,0.7833333333333333,0.7833333333333333,strongly_entangling,,1,8,8,0,8,2,2,0,2,6,0,6,12,13,260,260000
amplitude,circles,46,6,0.7742553380882894,0.7777777777777778,0.8333333333333334,strongly_entangling,,1,8,8,0,8,2,2,0,2,6,0,6,12,13,260,260000
amplitude,circles,46,7,0.7750213056955008,0.7888888888888889,0.8333333333333334,strongly_entangling,,1,8,8,0,8,2,2,0,2,6,0,6,12,13,260,260000
amplitude,circles,46,8,0.7802570712362737,0.7888888888888889,0.7833333333333333,strongly_entangling,,1,8,8,0,8,2,2,0,2,6,0,6,12,13,260,260000
amplitude,circles,46,9,0.7817079456167945,0.7722222222222223,0.8333333333333334,strongly_entangling,,1,8,8,0,8,2,2,0,2,6,0,6,12,13,260,260000
amplitude,circles,46,10,0.7767888592911267,0.8055555555555556,0.7833333333333333,strongly_entangling,,1,8,8,0,8,2,2,0,2,6,0,6,12,13,260,260000
amplitude,circles,46,11,0.8003936102392275,0.7333333333333333,0.7666666666666667,strongly_entangling,,1,8,8,0,8,2,2,0,2,6,0,6,12,13,260,260000
amplitude,circles,46,12,0.78704742925499,0.7555555555555555,0.7166666666666667,strongly_entangling,,1,8,8,0,8,2,2,0,2,6,0,6,12,13,260,260000
amplitude,circles,46,13,0.7817989470242872,0.7722222222222223,0.8166666666666667,strongly_entangling,,1,8,8,0,8,2,2,0,2,6,0,6,12,13,260,260000
amplitude,circles,46,14,0.776731164484135,0.7833333333333333,0.8333333333333334,strongly_entangling,,1,8,8,0,8,2,2,0,2,6,0,6,12,13,260,260000
amplitude,circles,46,15,0.7741102750401546,0.7944444444444444,0.8166666666666667,strongly_entangling,,1,8,8,0,8,2,2,0,2,6,0,6,12,13,260,260000
amplitude,circles,46,16,0.7762385130429332,0.8,0.85,strongly_entangling,,1,8,8,0,8,2,2,0,2,6,0,6,12,13,260,260000
amplitude,circles,46,17,0.7774257801022794,0.7666666666666667,0.8333333333333334,strongly_entangling,,1,8,8,0,8,2,2,0,2,6,0,6,12,13,260,260000
amplitude,circles,46,18,0.7830021081335679,0.7611111111111111,0.7666666666666667,strongly_entangling,,1,8,8,0,8,2,2,0,2,6,0,6,12,13,260,260000
amplitude,circles,46,19,0.7783671086208913,0.8,0.7833333333333333,strongly_entangling,,1,8,8,0,8,2,2,0,2,6,0,6,12,13,260,260000
amplitude,circles,46,20,0.7771887737441848,0.7777777777777778,0.8166666666666667,strongly_entangling,,1,8,8,0,8,2,2,0,2,6,0,6,12,13,260,260000
amplitude,circles,46,21,0.7743997703477277,0.7777777777777778,0.8333333333333334,strongly_entangling,,1,8,8,0,8,2,2,0,2,6,0,6,12,13,260,260000
amplitude,circles,46,22,0.7742526140811988,0.8,0.8166666666666667,strongly_entangling,,1,8,8,0,8,2,2,0,2,6,0,6,12,13,260,260000
amplitude,circles,46,23,0.7755593374691819,0.7722222222222223,0.8333333333333334,strongly_entangling,,1,8,8,0,8,2,2,0,2,6,0,6,12,13,260,260000
amplitude,circles,46,24,0.7749281347951886,0.7888888888888889,0.8333333333333334,strongly_entangling,,1,8,8,0,8,2,2,0,2,6,0,6,12,13,260,260000
amplitude,circles,46,25,0.7747174879641645,0.7888888888888889,0.8333333333333334,strongly_entangling,,1,8,8,0,8,2,2,0,2,6,0,6,12,13,260,260000
amplitude,circles,46,26,0.7758407458168419,0.7722222222222223,0.8166666666666667,strongly_entangling,,1,8,8,0,8,2,2,0,2,6,0,6,12,13,260,260000
amplitude,circles,46,27,0.7741859778902391,0.8,0.8166666666666667,strongly_entangling,,1,8,8,0,8,2,2,0,2,6,0,6,12,13,260,260000
amplitude,circles,46,28,0.7752043436938107,0.8111111111111111,0.8,strongly_entangling,,1,8,8,0,8,2,2,0,2,6,0,6,12,13,260,260000
amplitude,circles,46,29,0.7766663243721547,0.7666666666666667,0.8333333333333334,strongly_entangling,,1,8,8,0,8,2,2,0,2,6,0,6,12,13,260,260000
amplitude,circles,46,30,0.7752337365510914,0.8055555555555556,0.8,strongly_entangling,,1,8,8,0,8,2,2,0,2,6,0,6,12,13,260,260000
reuploading,xor,42,1,0.8127098517727057,0.7277777777777777,0.5666666666666667,strongly_entangling,3.0,2,18,24,6,30,3,6,0,6,18,0,18,36,37,740,740000
reuploading,xor,42,2,0.5396137675482535,0.8833333333333333,0.8,strongly_entangling,3.0,2,18,24,6,30,3,6,0,6,18,0,18,36,37,740,740000
reuploading,xor,42,3,0.48580390485637254,0.8722222222222222,0.85,strongly_entangling,3.0,2,18,24,6,30,3,6,0,6,18,0,18,36,37,740,740000
reuploading,xor,42,4,0.44783379332657497,0.8833333333333333,0.8166666666666667,strongly_entangling,3.0,2,18,24,6,30,3,6,0,6,18,0,18,36,37,740,740000
reuploading,xor,42,5,0.41780230512294086,0.9,0.9,strongly_entangling,3.0,2,18,24,6,30,3,6,0,6,18,0,18,36,37,740,740000
reuploading,xor,42,6,0.4174213875934839,0.8944444444444445,0.8666666666666667,strongly_entangling,3.0,2,18,24,6,30,3,6,0,6,18,0,18,36,37,740,740000
reuploading,xor,42,7,0.41616806534482836,0.8944444444444445,0.8666666666666667,strongly_entangling,3.0,2,18,24,6,30,3,6,0,6,18,0,18,36,37,740,740000
reuploading,xor,42,8,0.41191667966452866,0.9,0.9,strongly_entangling,3.0,2,18,24,6,30,3,6,0,6,18,0,18,36,37,740,740000
reuploading,xor,42,9,0.4087424140297132,0.8944444444444445,0.9,strongly_entangling,3.0,2,18,24,6,30,3,6,0,6,18,0,18,36,37,740,740000
reuploading,xor,42,10,0.4081747666357602,0.8944444444444445,0.85,strongly_entangling,3.0,2,18,24,6,30,3,6,0,6,18,0,18,36,37,740,740000
reuploading,xor,42,11,0.4041254882909582,0.8888888888888888,0.8833333333333333,strongly_entangling,3.0,2,18,24,6,30,3,6,0,6,18,0,18,36,37,740,740000
reuploading,xor,42,12,0.40057711367497195,0.8944444444444445,0.85,strongly_entangling,3.0,2,18,24,6,30,3,6,0,6,18,0,18,36,37,740,740000
reuploading,xor,42,13,0.4049041179866797,0.8833333333333333,0.8,strongly_entangling,3.0,2,18,24,6,30,3,6,0,6,18,0,18,36,37,740,740000
reuploading,xor,42,14,0.400581772287531,0.8944444444444445,0.8666666666666667,strongly_entangling,3.0,2,18,24,6,30,3,6,0,6,18,0,18,36,37,740,740000
reuploading,xor,42,15,0.39982262332399,0.8833333333333333,0.85,strongly_entangling,3.0,2,18,24,6,30,3,6,0,6,18,0,18,36,37,740,740000
reuploading,xor,42,16,0.4007292537975191,0.8833333333333333,0.8833333333333333,strongly_entangling,3.0,2,18,24,6,30,3,6,0,6,18,0,18,36,37,740,740000
reuploading,xor,42,17,0.401874196996719,0.8777777777777778,0.8666666666666667,strongly_entangling,3.0,2,18,24,6,30,3,6,0,6,18,0,18,36,37,740,740000
reuploading,xor,42,18,0.3966416320411165,0.8944444444444445,0.9,strongly_entangling,3.0,2,18,24,6,30,3,6,0,6,18,0,18,36,37,740,740000
reuploading,xor,42,19,0.4118923262411491,0.8555555555555555,0.85,strongly_entangling,3.0,2,18,24,6,30,3,6,0,6,18,0,18,36,37,740,740000
reuploading,xor,42,20,0.42042351673127043,0.8666666666666667,0.85,strongly_entangling,3.0,2,18,24,6,30,3,6,0,6,18,0,18,36,37,740,740000
reuploading,xor,42,21,0.404388050219791,0.8777777777777778,0.85,strongly_entangling,3.0,2,18,24,6,30,3,6,0,6,18,0,18,36,37,740,740000
reuploading,xor,42,22,0.39627164252822195,0.9,0.8666666666666667,strongly_entangling,3.0,2,18,24,6,30,3,6,0,6,18,0,18,36,37,740,740000
reuploading,xor,42,23,0.3981619640315962,0.8888888888888888,0.8166666666666667,strongly_entangling,3.0,2,18,24,6,30,3,6,0,6,18,0,18,36,37,740,740000
reuploading,xor,42,24,0.41315743747625466,0.8888888888888888,0.8833333333333333,strongly_entangling,3.0,2,18,24,6,30,3,6,0,6,18,0,18,36,37,740,740000
reuploading,xor,42,25,0.41057128198091997,0.8888888888888888,0.8,strongly_entangling,3.0,2,18,24,6,30,3,6,0,6,18,0,18,36,37,740,740000
reuploading,xor,42,26,0.3945976074752736,0.9,0.8666666666666667,strongly_entangling,3.0,2,18,24,6,30,3,6,0,6,18,0,18,36,37,740,740000
reuploading,xor,42,27,0.3893801444143091,0.8888888888888888,0.85,strongly_entangling,3.0,2,18,24,6,30,3,6,0,6,18,0,18,36,37,740,740000
reuploading,xor,42,28,0.3846916638986749,0.8944444444444445,0.8833333333333333,strongly_entangling,3.0,2,18,24,6,30,3,6,0,6,18,0,18,36,37,740,740000
reuploading,xor,42,29,0.3818619738124512,0.8888888888888888,0.85,strongly_entangling,3.0,2,18,24,6,30,3,6,0,6,18,0,18,36,37,740,740000
reuploading,xor,42,30,0.3859312569906067,0.9,0.8666666666666667,strongly_entangling,3.0,2,18,24,6,30,3,6,0,6,18,0,18,36,37,740,740000
reuploading,xor,43,1,0.926731552472956,0.5111111111111111,0.5333333333333333,strongly_entangling,3.0,2,18,24,6,30,3,6,0,6,18,0,18,36,37,740,740000
reuploading,xor,43,2,0.6625913632629817,0.85,0.8666666666666667,strongly_entangling,3.0,2,18,24,6,30,3,6,0,6,18,0,18,36,37,740,740000
reuploading,xor,43,3,0.4620787978031102,0.9166666666666666,0.8333333333333334,strongly_entangling,3.0,2,18,24,6,30,3,6,0,6,18,0,18,36,37,740,740000
reuploading,xor,43,4,0.47596887142897143,0.8777777777777778,0.8333333333333334,strongly_entangling,3.0,2,18,24,6,30,3,6,0,6,18,0,18,36,37,740,740000
reuploading,xor,43,5,0.4436470232538583,0.8888888888888888,0.8166666666666667,strongly_entangling,3.0,2,18,24,6,30,3,6,0,6,18,0,18,36,37,740,740000
reuploading,xor,43,6,0.42290182749076166,0.8833333333333333,0.85,strongly_entangling,3.0,2,18,24,6,30,3,6,0,6,18,0,18,36,37,740,740000
reuploading,xor,43,7,0.4142242364829706,0.8833333333333333,0.85,strongly_entangling,3.0,2,18,24,6,30,3,6,0,6,18,0,18,36,37,740,740000
reuploading,xor,43,8,0.40484434267796243,0.9111111111111111,0.8166666666666667,strongly_entangling,3.0,2,18,24,6,30,3,6,0,6,18,0,18,36,37,740,740000
reuploading,xor,43,9,0.38921956202158825,0.8888888888888888,0.9,strongly_entangling,3.0,2,18,24,6,30,3,6,0,6,18,0,18,36,37,740,740000
reuploading,xor,43,10,0.3771596137929407,0.8944444444444445,0.85,strongly_entangling,3.0,2,18,24,6,30,3,6,0,6,18,0,18,36,37,740,740000
reuploading,xor,43,11,0.3711474643149679,0.9166666666666666,0.85,strongly_entangling,3.0,2,18,24,6,30,3,6,0,6,18,0,18,36,37,740,740000
reuploading,xor,43,12,0.371348429915855,0.9,0.8666666666666667,strongly_entangling,3.0,2,18,24,6,30,3,6,0,6,18,0,18,36,37,740,740000
reuploading,xor,43,13,0.37151739875337547,0.9055555555555556,0.8333333333333334,strongly_entangling,3.0,2,18,24,6,30,3,6,0,6,18,0,18,36,37,740,740000
reuploading,xor,43,14,0.3731284007361634,0.9222222222222223,0.9166666666666666,strongly_entangling,3.0,2,18,24,6,30,3,6,0,6,18,0,18,36,37,740,740000
reuploading,xor,43,15,0.36795976034991834,0.9111111111111111,0.85,strongly_entangling,3.0,2,18,24,6,30,3,6,0,6,18,0,18,36,37,740,740000
reuploading,xor,43,16,0.36781979999489267,0.9111111111111111,0.8666666666666667,strongly_entangling,3.0,2,18,24,6,30,3,6,0,6,18,0,18,36,37,740,740000
reuploading,xor,43,17,0.36773232462991023,0.9166666666666666,0.85,strongly_entangling,3.0,2,18,24,6,30,3,6,0,6,18,0,18,36,37,740,740000
reuploading,xor,43,18,0.3719868659334695,0.9166666666666666,0.9,strongly_entangling,3.0,2,18,24,6,30,3,6,0,6,18,0,18,36,37,740,740000
reuploading,xor,43,19,0.36961189978584424,0.8888888888888888,0.8333333333333334,strongly_entangling,3.0,2,18,24,6,30,3,6,0,6,18,0,18,36,37,740,740000
reuploading,xor,43,20,0.3706411951656727,0.9,0.8666666666666667,strongly_entangling,3.0,2,18,24,6,30,3,6,0,6,18,0,18,36,37,740,740000
reuploading,xor,43,21,0.3713579559802074,0.9166666666666666,0.9,strongly_entangling,3.0,2,18,24,6,30,3,6,0,6,18,0,18,36,37,740,740000
reuploading,xor,43,22,0.3709290993932662,0.9166666666666666,0.8833333333333333,strongly_entangling,3.0,2,18,24,6,30,3,6,0,6,18,0,18,36,37,740,740000
reuploading,xor,43,23,0.36961287372547846,0.9166666666666666,0.8333333333333334,strongly_entangling,3.0,2,18,24,6,30,3,6,0,6,18,0,18,36,37,740,740000
reuploading,xor,43,24,0.37245923411251913,0.9166666666666666,0.9166666666666666,strongly_entangling,3.0,2,18,24,6,30,3,6,0,6,18,0,18,36,37,740,740000
reuploading,xor,43,25,0.36905075680253097,0.9222222222222223,0.85,strongly_entangling,3.0,2,18,24,6,30,3,6,0,6,18,0,18,36,37,740,740000
reuploading,xor,43,26,0.36841086484059155,0.9111111111111111,0.8666666666666667,strongly_entangling,3.0,2,18,24,6,30,3,6,0,6,18,0,18,36,37,740,740000
reuploading,xor,43,27,0.3698271103936999,0.9111111111111111,0.8833333333333333,strongly_entangling,3.0,2,18,24,6,30,3,6,0,6,18,0,18,36,37,740,740000
reuploading,xor,43,28,0.3696221868207031,0.9111111111111111,0.85,strongly_entangling,3.0,2,18,24,6,30,3,6,0,6,18,0,18,36,37,740,740000
reuploading,xor,43,29,0.3713619814457494,0.9111111111111111,0.8833333333333333,strongly_entangling,3.0,2,18,24,6,30,3,6,0,6,18,0,18,36,37,740,740000
reuploading,xor,43,30,0.36889549895031215,0.9166666666666666,0.85,strongly_entangling,3.0,2,18,24,6,30,3,6,0,6,18,0,18,36,37,740,740000
reuploading,xor,44,1,0.7040753606863795,0.8333333333333334,0.8333333333333334,strongly_entangling,3.0,2,18,24,6,30,3,6,0,6,18,0,18,36,37,740,740000
reuploading,xor,44,2,0.4852269092075939,0.8833333333333333,0.85,strongly_entangling,3.0,2,18,24,6,30,3,6,0,6,18,0,18,36,37,740,740000
reuploading,xor,44,3,0.43657363470520555,0.8833333333333333,0.8,strongly_entangling,3.0,2,18,24,6,30,3,6,0,6,18,0,18,36,37,740,740000
reuploading,xor,44,4,0.39020502635063087,0.9055555555555556,0.8166666666666667,strongly_entangling,3.0,2,18,24,6,30,3,6,0,6,18,0,18,36,37,740,740000
reuploading,xor,44,5,0.3886923835864342,0.9166666666666666,0.8833333333333333,strongly_entangling,3.0,2,18,24,6,30,3,6,0,6,18,0,18,36,37,740,740000
reuploading,xor,44,6,0.37442762879658115,0.9222222222222223,0.9,strongly_entangling,3.0,2,18,24,6,30,3,6,0,6,18,0,18,36,37,740,740000
reuploading,xor,44,7,0.3592812133489964,0.9222222222222223,0.9,strongly_entangling,3.0,2,18,24,6,30,3,6,0,6,18,0,18,36,37,740,740000
reuploading,xor,44,8,0.3566588328413221,0.9111111111111111,0.8833333333333333,strongly_entangling,3.0,2,18,24,6,30,3,6,0,6,18,0,18,36,37,740,740000
reuploading,xor,44,9,0.35477341339544083,0.9222222222222223,0.9,strongly_entangling,3.0,2,18,24,6,30,3,6,0,6,18,0,18,36,37,740,740000
reuploading,xor,44,10,0.35186246998323606,0.9111111111111111,0.9,strongly_entangling,3.0,2,18,24,6,30,3,6,0,6,18,0,18,36,37,740,740000
reuploading,xor,44,11,0.35528007038766923,0.9111111111111111,0.8833333333333333,strongly_entangling,3.0,2,18,24,6,30,3,6,0,6,18,0,18,36,37,740,740000
reuploading,xor,44,12,0.34585965532520124,0.9111111111111111,0.8833333333333333,strongly_entangling,3.0,2,18,24,6,30,3,6,0,6,18,0,18,36,37,740,740000
reuploading,xor,44,13,0.3438166821562448,0.9166666666666666,0.9,strongly_entangling,3.0,2,18,24,6,30,3,6,0,6,18,0,18,36,37,740,740000
reuploading,xor,44,14,0.34451895003657385,0.9111111111111111,0.8666666666666667,strongly_entangling,3.0,2,18,24,6,30,3,6,0,6,18,0,18,36,37,740,740000
reuploading,xor,44,15,0.34667973992311424,0.9333333333333333,0.85,strongly_entangling,3.0,2,18,24,6,30,3,6,0,6,18,0,18,36,37,740,740000
reuploading,xor,44,16,0.3393548353387481,0.9166666666666666,0.8666666666666667,strongly_entangling,3.0,2,18,24,6,30,3,6,0,6,18,0,18,36,37,740,740000
reuploading,xor,44,17,0.33917090466603794,0.9277777777777778,0.8833333333333333,strongly_entangling,3.0,2,18,24,6,30,3,6,0,6,18,0,18,36,37,740,740000
reuploading,xor,44,18,0.34207384162948284,0.9222222222222223,0.85,strongly_entangling,3.0,2,18,24,6,30,3,6,0,6,18,0,18,36,37,740,740000
reuploading,xor,44,19,0.3380635412707676,0.9222222222222223,0.9,strongly_entangling,3.0,2,18,24,6,30,3,6,0,6,18,0,18,36,37,740,740000
reuploading,xor,44,20,0.3407293528425211,0.9333333333333333,0.8833333333333333,strongly_entangling,3.0,2,18,24,6,30,3,6,0,6,18,0,18,36,37,740,740000
reuploading,xor,44,21,0.3350890118951561,0.9333333333333333,0.9,strongly_entangling,3.0,2,18,24,6,30,3,6,0,6,18,0,18,36,37,740,740000
reuploading,xor,44,22,0.33631070659957635,0.9222222222222223,0.8833333333333333,strongly_entangling,3.0,2,18,24,6,30,3,6,0,6,18,0,18,36,37,740,740000
reuploading,xor,44,23,0.3362123208874634,0.9333333333333333,0.8833333333333333,strongly_entangling,3.0,2,18,24,6,30,3,6,0,6,18,0,18,36,37,740,740000
reuploading,xor,44,24,0.3374038922911571,0.9277777777777778,0.85,strongly_entangling,3.0,2,18,24,6,30,3,6,0,6,18,0,18,36,37,740,740000
reuploading,xor,44,25,0.3387735686351749,0.9222222222222223,0.8666666666666667,strongly_entangling,3.0,2,18,24,6,30,3,6,0,6,18,0,18,36,37,740,740000
reuploading,xor,44,26,0.34245607849122933,0.9166666666666666,0.8833333333333333,strongly_entangling,3.0,2,18,24,6,30,3,6,0,6,18,0,18,36,37,740,740000
reuploading,xor,44,27,0.33804168891689407,0.9277777777777778,0.8833333333333333,strongly_entangling,3.0,2,18,24,6,30,3,6,0,6,18,0,18,36,37,740,740000
reuploading,xor,44,28,0.3382882828134349,0.9333333333333333,0.85,strongly_entangling,3.0,2,18,24,6,30,3,6,0,6,18,0,18,36,37,740,740000
reuploading,xor,44,29,0.33797738894383605,0.9277777777777778,0.8833333333333333,strongly_entangling,3.0,2,18,24,6,30,3,6,0,6,18,0,18,36,37,740,740000
reuploading,xor,44,30,0.33651252854318314,0.9333333333333333,0.8833333333333333,strongly_entangling,3.0,2,18,24,6,30,3,6,0,6,18,0,18,36,37,740,740000
reuploading,xor,45,1,0.7756876655334414,0.7222222222222222,0.7,strongly_entangling,3.0,2,18,24,6,30,3,6,0,6,18,0,18,36,37,740,740000
reuploading,xor,45,2,0.4861254946713053,0.8666666666666667,0.85,strongly_entangling,3.0,2,18,24,6,30,3,6,0,6,18,0,18,36,37,740,740000
reuploading,xor,45,3,0.43115837700838855,0.8611111111111112,0.85,strongly_entangling,3.0,2,18,24,6,30,3,6,0,6,18,0,18,36,37,740,740000
reuploading,xor,45,4,0.4066061690409542,0.8944444444444445,0.8833333333333333,strongly_entangling,3.0,2,18,24,6,30,3,6,0,6,18,0,18,36,37,740,740000
reuploading,xor,45,5,0.4131768121361084,0.9,0.85,strongly_entangling,3.0,2,18,24,6,30,3,6,0,6,18,0,18,36,37,740,740000
reuploading,xor,45,6,0.42343834399748376,0.8555555555555555,0.85,strongly_entangling,3.0,2,18,24,6,30,3,6,0,6,18,0,18,36,37,740,740000
reuploading,xor,45,7,0.40833133096068397,0.8944444444444445,0.8333333333333334,strongly_entangling,3.0,2,18,24,6,30,3,6,0,6,18,0,18,36,37,740,740000
reuploading,xor,45,8,0.40102827683295916,0.8833333333333333,0.8666666666666667,strongly_entangling,3.0,2,18,24,6,30,3,6,0,6,18,0,18,36,37,740,740000
reuploading,xor,45,9,0.39874928402871385,0.8888888888888888,0.8666666666666667,strongly_entangling,3.0,2,18,24,6,30,3,6,0,6,18,0,18,36,37,740,740000
reuploading,xor,45,10,0.3962468486645846,0.8888888888888888,0.8833333333333333,strongly_entangling,3.0,2,18,24,6,30,3,6,0,6,18,0,18,36,37,740,740000
reuploading,xor,45,11,0.39949872093282585,0.8722222222222222,0.85,strongly_entangling,3.0,2,18,24,6,30,3,6,0,6,18,0,18,36,37,740,740000
reuploading,xor,45,12,0.39992578611800633,0.8888888888888888,0.8666666666666667,strongly_entangling,3.0,2,18,24,6,30,3,6,0,6,18,0,18,36,37,740,740000
reuploading,xor,45,13,0.39531119061912984,0.8833333333333333,0.9,strongly_entangling,3.0,2,18,24,6,30,3,6,0,6,18,0,18,36,37,740,740000
reuploading,xor,45,14,0.39320243577226693,0.8833333333333333,0.8833333333333333,strongly_entangling,3.0,2,18,24,6,30,3,6,0,6,18,0,18,36,37,740,740000
reuploading,xor,45,15,0.39019667044464357,0.8833333333333333,0.8666666666666667,strongly_entangling,3.0,2,18,24,6,30,3,6,0,6,18,0,18,36,37,740,740000
reuploading,xor,45,16,0.38766636710367103,0.8833333333333333,0.8833333333333333,strongly_entangling,3.0,2,18,24,6,30,3,6,0,6,18,0,18,36,37,740,740000
reuploading,xor,45,17,0.38598162500551364,0.8944444444444445,0.85,strongly_entangling,3.0,2,18,24,6,30,3,6,0,6,18,0,18,36,37,740,740000
reuploading,xor,45,18,0.3904927341075896,0.8777777777777778,0.9,strongly_entangling,3.0,2,18,24,6,30,3,6,0,6,18,0,18,36,37,740,740000
reuploading,xor,45,19,0.40050838610566597,0.8555555555555555,0.8333333333333334,strongly_entangling,3.0,2,18,24,6,30,3,6,0,6,18,0,18,36,37,740,740000
reuploading,xor,45,20,0.3850312541338457,0.9055555555555556,0.8833333333333333,strongly_entangling,3.0,2,18,24,6,30,3,6,0,6,18,0,18,36,37,740,740000
reuploading,xor,45,21,0.37807713610243165,0.8833333333333333,0.9166666666666666,strongly_entangling,3.0,2,18,24,6,30,3,6,0,6,18,0,18,36,37,740,740000
reuploading,xor,45,22,0.37083304546316914,0.9055555555555556,0.8666666666666667,strongly_entangling,3.0,2,18,24,6,30,3,6,0,6,18,0,18,36,37,740,740000
reuploading,xor,45,23,0.37705654516400056,0.9055555555555556,0.8666666666666667,strongly_entangling,3.0,2,18,24,6,30,3,6,0,6,18,0,18,36,37,740,740000
reuploading,xor,45,24,0.3760814550068786,0.8944444444444445,0.8666666666666667,strongly_entangling,3.0,2,18,24,6,30,3,6,0,6,18,0,18,36,37,740,740000
reuploading,xor,45,25,0.3797285270064292,0.8777777777777778,0.8833333333333333,strongly_entangling,3.0,2,18,24,6,30,3,6,0,6,18,0,18,36,37,740,740000
reuploading,xor,45,26,0.37584950573676734,0.8833333333333333,0.8333333333333334,strongly_entangling,3.0,2,18,24,6,30,3,6,0,6,18,0,18,36,37,740,740000
reuploading,xor,45,27,0.37947805927335776,0.9055555555555556,0.8666666666666667,strongly_entangling,3.0,2,18,24,6,30,3,6,0,6,18,0,18,36,37,740,740000
reuploading,xor,45,28,0.3787259263117826,0.8833333333333333,0.85,strongly_entangling,3.0,2,18,24,6,30,3,6,0,6,18,0,18,36,37,740,740000
reuploading,xor,45,29,0.3724426128343818,0.9111111111111111,0.8833333333333333,strongly_entangling,3.0,2,18,24,6,30,3,6,0,6,18,0,18,36,37,740,740000
reuploading,xor,45,30,0.366757055873583,0.9166666666666666,0.9,strongly_entangling,3.0,2,18,24,6,30,3,6,0,6,18,0,18,36,37,740,740000
reuploading,xor,46,1,0.7381543902678882,0.75,0.7,strongly_entangling,3.0,2,18,24,6,30,3,6,0,6,18,0,18,36,37,740,740000
reuploading,xor,46,2,0.5591829774213041,0.8277777777777777,0.7666666666666667,strongly_entangling,3.0,2,18,24,6,30,3,6,0,6,18,0,18,36,37,740,740000
reuploading,xor,46,3,0.5137955221346789,0.8388888888888889,0.7666666666666667,strongly_entangling,3.0,2,18,24,6,30,3,6,0,6,18,0,18,36,37,740,740000
reuploading,xor,46,4,0.45646725896991724,0.8888888888888888,0.8666666666666667,strongly_entangling,3.0,2,18,24,6,30,3,6,0,6,18,0,18,36,37,740,740000
reuploading,xor,46,5,0.45032001222966705,0.8722222222222222,0.8,strongly_entangling,3.0,2,18,24,6,30,3,6,0,6,18,0,18,36,37,740,740000
reuploading,xor,46,6,0.44238958147170526,0.8833333333333333,0.8666666666666667,strongly_entangling,3.0,2,18,24,6,30,3,6,0,6,18,0,18,36,37,740,740000
reuploading,xor,46,7,0.43637276128830604,0.8666666666666667,0.8333333333333334,strongly_entangling,3.0,2,18,24,6,30,3,6,0,6,18,0,18,36,37,740,740000
reuploading,xor,46,8,0.43314426140276313,0.8888888888888888,0.85,strongly_entangling,3.0,2,18,24,6,30,3,6,0,6,18,0,18,36,37,740,740000
reuploading,xor,46,9,0.4306633339084041,0.8777777777777778,0.8333333333333334,strongly_entangling,3.0,2,18,24,6,30,3,6,0,6,18,0,18,36,37,740,740000
reuploading,xor,46,10,0.4314075667666439,0.8888888888888888,0.85,strongly_entangling,3.0,2,18,24,6,30,3,6,0,6,18,0,18,36,37,740,740000
reuploading,xor,46,11,0.4309736383659665,0.8777777777777778,0.85,strongly_entangling,3.0,2,18,24,6,30,3,6,0,6,18,0,18,36,37,740,740000
reuploading,xor,46,12,0.43264559277488324,0.8888888888888888,0.8333333333333334,strongly_entangling,3.0,2,18,24,6,30,3,6,0,6,18,0,18,36,37,740,740000
reuploading,xor,46,13,0.4342649575074063,0.8833333333333333,0.9,strongly_entangling,3.0,2,18,24,6,30,3,6,0,6,18,0,18,36,37,740,740000
reuploading,xor,46,14,0.430205420193254,0.8777777777777778,0.8333333333333334,strongly_entangling,3.0,2,18,24,6,30,3,6,0,6,18,0,18,36,37,740,740000
reuploading,xor,46,15,0.4316609669606738,0.8777777777777778,0.8666666666666667,strongly_entangling,3.0,2,18,24,6,30,3,6,0,6,18,0,18,36,37,740,740000
reuploading,xor,46,16,0.43148672679119515,0.8777777777777778,0.8666666666666667,strongly_entangling,3.0,2,18,24,6,30,3,6,0,6,18,0,18,36,37,740,740000
reuploading,xor,46,17,0.4418417419019652,0.8666666666666667,0.7833333333333333,strongly_entangling,3.0,2,18,24,6,30,3,6,0,6,18,0,18,36,37,740,740000
reuploading,xor,46,18,0.4381297573928535,0.8833333333333333,0.8833333333333333,strongly_entangling,3.0,2,18,24,6,30,3,6,0,6,18,0,18,36,37,740,740000
reuploading,xor,46,19,0.4378762630066913,0.8777777777777778,0.8,strongly_entangling,3.0,2,18,24,6,30,3,6,0,6,18,0,18,36,37,740,740000
reuploading,xor,46,20,0.436916265718932,0.8611111111111112,0.9166666666666666,strongly_entangling,3.0,2,18,24,6,30,3,6,0,6,18,0,18,36,37,740,740000
reuploading,xor,46,21,0.4424643486670105,0.8833333333333333,0.85,strongly_entangling,3.0,2,18,24,6,30,3,6,0,6,18,0,18,36,37,740,740000
reuploading,xor,46,22,0.44253712554818714,0.8666666666666667,0.8,strongly_entangling,3.0,2,18,24,6,30,3,6,0,6,18,0,18,36,37,740,740000
reuploading,xor,46,23,0.4391737710451551,0.8888888888888888,0.9,strongly_entangling,3.0,2,18,24,6,30,3,6,0,6,18,0,18,36,37,740,740000
reuploading,xor,46,24,0.4377460828206112,0.8722222222222222,0.7666666666666667,strongly_entangling,3.0,2,18,24,6,30,3,6,0,6,18,0,18,36,37,740,740000
reuploading,xor,46,25,0.4355648432936486,0.8888888888888888,0.8666666666666667,strongly_entangling,3.0,2,18,24,6,30,3,6,0,6,18,0,18,36,37,740,740000
reuploading,xor,46,26,0.43668669404028726,0.8833333333333333,0.8166666666666667,strongly_entangling,3.0,2,18,24,6,30,3,6,0,6,18,0,18,36,37,740,740000
reuploading,xor,46,27,0.4390235773306982,0.8777777777777778,0.8666666666666667,strongly_entangling,3.0,2,18,24,6,30,3,6,0,6,18,0,18,36,37,740,740000
reuploading,xor,46,28,0.44745668720849685,0.8666666666666667,0.85,strongly_entangling,3.0,2,18,24,6,30,3,6,0,6,18,0,18,36,37,740,740000
reuploading,xor,46,29,0.4447974563737893,0.8611111111111112,0.8166666666666667,strongly_entangling,3.0,2,18,24,6,30,3,6,0,6,18,0,18,36,37,740,740000
reuploading,xor,46,30,0.4342281514904801,0.8888888888888888,0.85,strongly_entangling,3.0,2,18,24,6,30,3,6,0,6,18,0,18,36,37,740,740000
reuploading,moons,42,1,0.5105587196737089,0.8111111111111111,0.7666666666666667,strongly_entangling,3.0,2,18,24,6,30,3,6,0,6,18,0,18,36,37,740,740000
reuploading,moons,42,2,0.32297138289211513,0.9333333333333333,0.85,strongly_entangling,3.0,2,18,24,6,30,3,6,0,6,18,0,18,36,37,740,740000
reuploading,moons,42,3,0.30569951553064567,0.9055555555555556,0.8333333333333334,strongly_entangling,3.0,2,18,24,6,30,3,6,0,6,18,0,18,36,37,740,740000
reuploading,moons,42,4,0.2965285868707204,0.9222222222222223,0.8166666666666667,strongly_entangling,3.0,2,18,24,6,30,3,6,0,6,18,0,18,36,37,740,740000
reuploading,moons,42,5,0.28272454973633737,0.9111111111111111,0.85,strongly_entangling,3.0,2,18,24,6,30,3,6,0,6,18,0,18,36,37,740,740000
reuploading,moons,42,6,0.27813588165778386,0.9277777777777778,0.85,strongly_entangling,3.0,2,18,24,6,30,3,6,0,6,18,0,18,36,37,740,740000
reuploading,moons,42,7,0.2664972335572211,0.9111111111111111,0.8333333333333334,strongly_entangling,3.0,2,18,24,6,30,3,6,0,6,18,0,18,36,37,740,740000
reuploading,moons,42,8,0.2564581892161775,0.9222222222222223,0.85,strongly_entangling,3.0,2,18,24,6,30,3,6,0,6,18,0,18,36,37,740,740000
reuploading,moons,42,9,0.2549004733361846,0.9277777777777778,0.8666666666666667,strongly_entangling,3.0,2,18,24,6,30,3,6,0,6,18,0,18,36,37,740,740000
reuploading,moons,42,10,0.25412973123665383,0.9333333333333333,0.8833333333333333,strongly_entangling,3.0,2,18,24,6,30,3,6,0,6,18,0,18,36,37,740,740000
reuploading,moons,42,11,0.2558258874874966,0.9166666666666666,0.85,strongly_entangling,3.0,2,18,24,6,30,3,6,0,6,18,0,18,36,37,740,740000
reuploading,moons,42,12,0.25886492897105157,0.9388888888888889,0.8666666666666667,strongly_entangling,3.0,2,18,24,6,30,3,6,0,6,18,0,18,36,37,740,740000
reuploading,moons,42,13,0.2589012678780389,0.9222222222222223,0.8666666666666667,strongly_entangling,3.0,2,18,24,6,30,3,6,0,6,18,0,18,36,37,740,740000
reuploading,moons,42,14,0.2541230650138163,0.9333333333333333,0.8666666666666667,strongly_entangling,3.0,2,18,24,6,30,3,6,0,6,18,0,18,36,37,740,740000
reuploading,moons,42,15,0.24736665858203336,0.9333333333333333,0.85,strongly_entangling,3.0,2,18,24,6,30,3,6,0,6,18,0,18,36,37,740,740000
reuploading,moons,42,16,0.2460269289479979,0.9388888888888889,0.8833333333333333,strongly_entangling,3.0,2,18,24,6,30,3,6,0,6,18,0,18,36,37,740,740000
reuploading,moons,42,17,0.24629353822431202,0.9277777777777778,0.85,strongly_entangling,3.0,2,18,24,6,30,3,6,0,6,18,0,18,36,37,740,740000
reuploading,moons,42,18,0.24743432952409122,0.9388888888888889,0.8833333333333333,strongly_entangling,3.0,2,18,24,6,30,3,6,0,6,18,0,18,36,37,740,740000
reuploading,moons,42,19,0.24643552086654547,0.9333333333333333,0.85,strongly_entangling,3.0,2,18,24,6,30,3,6,0,6,18,0,18,36,37,740,740000
reuploading,moons,42,20,0.24978510108584648,0.9333333333333333,0.85,strongly_entangling,3.0,2,18,24,6,30,3,6,0,6,18,0,18,36,37,740,740000
reuploading,moons,42,21,0.254892847524567,0.9222222222222223,0.8666666666666667,strongly_entangling,3.0,2,18,24,6,30,3,6,0,6,18,0,18,36,37,740,740000
reuploading,moons,42,22,0.2459242187191692,0.9333333333333333,0.8666666666666667,strongly_entangling,3.0,2,18,24,6,30,3,6,0,6,18,0,18,36,37,740,740000
reuploading,moons,42,23,0.25413050255468533,0.9166666666666666,0.8666666666666667,strongly_entangling,3.0,2,18,24,6,30,3,6,0,6,18,0,18,36,37,740,740000
reuploading,moons,42,24,0.25328483996946505,0.9388888888888889,0.8666666666666667,strongly_entangling,3.0,2,18,24,6,30,3,6,0,6,18,0,18,36,37,740,740000
reuploading,moons,42,25,0.2409387672354724,0.9277777777777778,0.85,strongly_entangling,3.0,2,18,24,6,30,3,6,0,6,18,0,18,36,37,740,740000
reuploading,moons,42,26,0.24237007777608982,0.9388888888888889,0.8666666666666667,strongly_entangling,3.0,2,18,24,6,30,3,6,0,6,18,0,18,36,37,740,740000
reuploading,moons,42,27,0.23890060965166188,0.9277777777777778,0.8666666666666667,strongly_entangling,3.0,2,18,24,6,30,3,6,0,6,18,0,18,36,37,740,740000
reuploading,moons,42,28,0.24077750507593038,0.9277777777777778,0.8833333333333333,strongly_entangling,3.0,2,18,24,6,30,3,6,0,6,18,0,18,36,37,740,740000
reuploading,moons,42,29,0.26091934576310244,0.9111111111111111,0.8666666666666667,strongly_entangling,3.0,2,18,24,6,30,3,6,0,6,18,0,18,36,37,740,740000
reuploading,moons,42,30,0.24515739084511193,0.9333333333333333,0.8666666666666667,strongly_entangling,3.0,2,18,24,6,30,3,6,0,6,18,0,18,36,37,740,740000
reuploading,moons,43,1,0.5404792878338907,0.85,0.8833333333333333,strongly_entangling,3.0,2,18,24,6,30,3,6,0,6,18,0,18,36,37,740,740000
reuploading,moons,43,2,0.414241181121736,0.8888888888888888,0.9333333333333333,strongly_entangling,3.0,2,18,24,6,30,3,6,0,6,18,0,18,36,37,740,740000
reuploading,moons,43,3,0.397579514149206,0.8666666666666667,0.9333333333333333,strongly_entangling,3.0,2,18,24,6,30,3,6,0,6,18,0,18,36,37,740,740000
reuploading,moons,43,4,0.3747863716002786,0.8777777777777778,0.95,strongly_entangling,3.0,2,18,24,6,30,3,6,0,6,18,0,18,36,37,740,740000
reuploading,moons,43,5,0.3625525388725376,0.8833333333333333,0.9666666666666667,strongly_entangling,3.0,2,18,24,6,30,3,6,0,6,18,0,18,36,37,740,740000
reuploading,moons,43,6,0.35588174509392445,0.8777777777777778,0.95,strongly_entangling,3.0,2,18,24,6,30,3,6,0,6,18,0,18,36,37,740,740000
reuploading,moons,43,7,0.3628752315988972,0.8777777777777778,0.9166666666666666,strongly_entangling,3.0,2,18,24,6,30,3,6,0,6,18,0,18,36,37,740,740000
reuploading,moons,43,8,0.35478702422625474,0.8666666666666667,0.9333333333333333,strongly_entangling,3.0,2,18,24,6,30,3,6,0,6,18,0,18,36,37,740,740000
reuploading,moons,43,9,0.35269923230817823,0.8777777777777778,0.9333333333333333,strongly_entangling,3.0,2,18,24,6,30,3,6,0,6,18,0,18,36,37,740,740000
reuploading,moons,43,10,0.3484344980441426,0.8777777777777778,0.95,strongly_entangling,3.0,2,18,24,6,30,3,6,0,6,18,0,18,36,37,740,740000
reuploading,moons,43,11,0.3461663943633857,0.8833333333333333,0.9666666666666667,strongly_entangling,3.0,2,18,24,6,30,3,6,0,6,18,0,18,36,37,740,740000
reuploading,moons,43,12,0.35016957718301966,0.8722222222222222,0.95,strongly_entangling,3.0,2,18,24,6,30,3,6,0,6,18,0,18,36,37,740,740000
reuploading,moons,43,13,0.3474534089651459,0.8666666666666667,0.9166666666666666,strongly_entangling,3.0,2,18,24,6,30,3,6,0,6,18,0,18,36,37,740,740000
reuploading,moons,43,14,0.34986644152816454,0.8888888888888888,0.9333333333333333,strongly_entangling,3.0,2,18,24,6,30,3,6,0,6,18,0,18,36,37,740,740000
reuploading,moons,43,15,0.35634133555166153,0.8722222222222222,0.9333333333333333,strongly_entangling,3.0,2,18,24,6,30,3,6,0,6,18,0,18,36,37,740,740000
reuploading,moons,43,16,0.3470004012781778,0.8777777777777778,0.95,strongly_entangling,3.0,2,18,24,6,30,3,6,0,6,18,0,18,36,37,740,740000
reuploading,moons,43,17,0.3456352684586808,0.8722222222222222,0.9166666666666666,strongly_entangling,3.0,2,18,24,6,30,3,6,0,6,18,0,18,36,37,740,740000
reuploading,moons,43,18,0.3415417672772318,0.8777777777777778,0.9333333333333333,strongly_entangling,3.0,2,18,24,6,30,3,6,0,6,18,0,18,36,37,740,740000
reuploading,moons,43,19,0.342886105334721,0.8777777777777778,0.95,strongly_entangling,3.0,2,18,24,6,30,3,6,0,6,18,0,18,36,37,740,740000
reuploading,moons,43,20,0.3426091124881367,0.8666666666666667,0.9166666666666666,strongly_entangling,3.0,2,18,24,6,30,3,6,0,6,18,0,18,36,37,740,740000
reuploading,moons,43,21,0.3413389866843102,0.8777777777777778,0.9333333333333333,strongly_entangling,3.0,2,18,24,6,30,3,6,0,6,18,0,18,36,37,740,740000
reuploading,moons,43,22,0.3440952185275347,0.8666666666666667,0.9166666666666666,strongly_entangling,3.0,2,18,24,6,30,3,6,0,6,18,0,18,36,37,740,740000
reuploading,moons,43,23,0.34201120088375003,0.8777777777777778,0.9333333333333333,strongly_entangling,3.0,2,18,24,6,30,3,6,0,6,18,0,18,36,37,740,740000
reuploading,moons,43,24,0.3419201026614056,0.8777777777777778,0.9333333333333333,strongly_entangling,3.0,2,18,24,6,30,3,6,0,6,18,0,18,36,37,740,740000
reuploading,moons,43,25,0.3449430130929292,0.8833333333333333,0.9333333333333333,strongly_entangling,3.0,2,18,24,6,30,3,6,0,6,18,0,18,36,37,740,740000
reuploading,moons,43,26,0.36042208153753175,0.8666666666666667,0.9,strongly_entangling,3.0,2,18,24,6,30,3,6,0,6,18,0,18,36,37,740,740000
reuploading,moons,43,27,0.3462359068858368,0.8777777777777778,0.95,strongly_entangling,3.0,2,18,24,6,30,3,6,0,6,18,0,18,36,37,740,740000
reuploading,moons,43,28,0.3491948482604665,0.8777777777777778,0.95,strongly_entangling,3.0,2,18,24,6,30,3,6,0,6,18,0,18,36,37,740,740000
reuploading,moons,43,29,0.3490176879668032,0.8944444444444445,0.95,strongly_entangling,3.0,2,18,24,6,30,3,6,0,6,18,0,18,36,37,740,740000
reuploading,moons,43,30,0.3529220425481566,0.8666666666666667,0.9166666666666666,strongly_entangling,3.0,2,18,24,6,30,3,6,0,6,18,0,18,36,37,740,740000
reuploading,moons,44,1,0.6545908301642845,0.7833333333333333,0.7333333333333333,strongly_entangling,3.0,2,18,24,6,30,3,6,0,6,18,0,18,36,37,740,740000
reuploading,moons,44,2,0.48743589415370014,0.8611111111111112,0.85,strongly_entangling,3.0,2,18,24,6,30,3,6,0,6,18,0,18,36,37,740,740000
reuploading,moons,44,3,0.4014367235102368,0.8611111111111112,0.8333333333333334,strongly_entangling,3.0,2,18,24,6,30,3,6,0,6,18,0,18,36,37,740,740000
reuploading,moons,44,4,0.3795774200369849,0.8888888888888888,0.85,strongly_entangling,3.0,2,18,24,6,30,3,6,0,6,18,0,18,36,37,740,740000
reuploading,moons,44,5,0.3781196725165764,0.8833333333333333,0.8666666666666667,strongly_entangling,3.0,2,18,24,6,30,3,6,0,6,18,0,18,36,37,740,740000
reuploading,moons,44,6,0.36706947357366726,0.9,0.85,strongly_entangling,3.0,2,18,24,6,30,3,6,0,6,18,0,18,36,37,740,740000
reuploading,moons,44,7,0.36036469524324766,0.8888888888888888,0.85,strongly_entangling,3.0,2,18,24,6,30,3,6,0,6,18,0,18,36,37,740,740000
reuploading,moons,44,8,0.35412427857310785,0.8777777777777778,0.85,strongly_entangling,3.0,2,18,24,6,30,3,6,0,6,18,0,18,36,37,740,740000
reuploading,moons,44,9,0.3444917580035471,0.9,0.85,strongly_entangling,3.0,2,18,24,6,30,3,6,0,6,18,0,18,36,37,740,740000
reuploading,moons,44,10,0.3369503409381603,0.8944444444444445,0.8666666666666667,strongly_entangling,3.0,2,18,24,6,30,3,6,0,6,18,0,18,36,37,740,740000
reuploading,moons,44,11,0.3333339956330468,0.8944444444444445,0.8666666666666667,strongly_entangling,3.0,2,18,24,6,30,3,6,0,6,18,0,18,36,37,740,740000
reuploading,moons,44,12,0.3299505173826424,0.8833333333333333,0.8666666666666667,strongly_entangling,3.0,2,18,24,6,30,3,6,0,6,18,0,18,36,37,740,740000
reuploading,moons,44,13,0.32738380123879435,0.8888888888888888,0.8666666666666667,strongly_entangling,3.0,2,18,24,6,30,3,6,0,6,18,0,18,36,37,740,740000
reuploading,moons,44,14,0.31929398655293245,0.9111111111111111,0.8666666666666667,strongly_entangling,3.0,2,18,24,6,30,3,6,0,6,18,0,18,36,37,740,740000
reuploading,moons,44,15,0.31224605062256566,0.9111111111111111,0.8666666666666667,strongly_entangling,3.0,2,18,24,6,30,3,6,0,6,18,0,18,36,37,740,740000
reuploading,moons,44,16,0.30713741039783377,0.9166666666666666,0.8666666666666667,strongly_entangling,3.0,2,18,24,6,30,3,6,0,6,18,0,18,36,37,740,740000
reuploading,moons,44,17,0.30041874957815207,0.9166666666666666,0.9333333333333333,strongly_entangling,3.0,2,18,24,6,30,3,6,0,6,18,0,18,36,37,740,740000
reuploading,moons,44,18,0.29682309483708846,0.9277777777777778,0.8666666666666667,strongly_entangling,3.0,2,18,24,6,30,3,6,0,6,18,0,18,36,37,740,740000
reuploading,moons,44,19,0.291849599473064,0.9388888888888889,0.9333333333333333,strongly_entangling,3.0,2,18,24,6,30,3,6,0,6,18,0,18,36,37,740,740000
reuploading,moons,44,20,0.2847056243400778,0.9444444444444444,0.95,strongly_entangling,3.0,2,18,24,6,30,3,6,0,6,18,0,18,36,37,740,740000
reuploading,moons,44,21,0.29558729473462836,0.9222222222222223,0.9166666666666666,strongly_entangling,3.0,2,18,24,6,30,3,6,0,6,18,0,18,36,37,740,740000
reuploading,moons,44,22,0.28309347961073983,0.9444444444444444,0.95,strongly_entangling,3.0,2,18,24,6,30,3,6,0,6,18,0,18,36,37,740,740000
reuploading,moons,44,23,0.2804276107939897,0.9388888888888889,0.95,strongly_entangling,3.0,2,18,24,6,30,3,6,0,6,18,0,18,36,37,740,740000
reuploading,moons,44,24,0.2862877516991223,0.9333333333333333,0.95,strongly_entangling,3.0,2,18,24,6,30,3,6,0,6,18,0,18,36,37,740,740000
reuploading,moons,44,25,0.28269371086947886,0.9444444444444444,0.95,strongly_entangling,3.0,2,18,24,6,30,3,6,0,6,18,0,18,36,37,740,740000
reuploading,moons,44,26,0.2795244428752683,0.9388888888888889,0.95,strongly_entangling,3.0,2,18,24,6,30,3,6,0,6,18,0,18,36,37,740,740000
reuploading,moons,44,27,0.28597777376514705,0.9444444444444444,0.95,strongly_entangling,3.0,2,18,24,6,30,3,6,0,6,18,0,18,36,37,740,740000
reuploading,moons,44,28,0.2884189928210458,0.9388888888888889,0.9,strongly_entangling,3.0,2,18,24,6,30,3,6,0,6,18,0,18,36,37,740,740000
reuploading,moons,44,29,0.28124251582670445,0.9388888888888889,0.95,strongly_entangling,3.0,2,18,24,6,30,3,6,0,6,18,0,18,36,37,740,740000
reuploading,moons,44,30,0.28337381479248785,0.9388888888888889,0.9166666666666666,strongly_entangling,3.0,2,18,24,6,30,3,6,0,6,18,0,18,36,37,740,740000
reuploading,moons,45,1,0.6196709599280686,0.7333333333333333,0.7833333333333333,strongly_entangling,3.0,2,18,24,6,30,3,6,0,6,18,0,18,36,37,740,740000
reuploading,moons,45,2,0.4310515126961988,0.8333333333333334,0.8166666666666667,strongly_entangling,3.0,2,18,24,6,30,3,6,0,6,18,0,18,36,37,740,740000
reuploading,moons,45,3,0.39004257174294915,0.8888888888888888,0.9,strongly_entangling,3.0,2,18,24,6,30,3,6,0,6,18,0,18,36,37,740,740000
reuploading,moons,45,4,0.3473593757371497,0.9111111111111111,0.9166666666666666,strongly_entangling,3.0,2,18,24,6,30,3,6,0,6,18,0,18,36,37,740,740000
reuploading,moons,45,5,0.337595181884138,0.9,0.8166666666666667,strongly_entangling,3.0,2,18,24,6,30,3,6,0,6,18,0,18,36,37,740,740000
reuploading,moons,45,6,0.322556394699188,0.9333333333333333,0.95,strongly_entangling,3.0,2,18,24,6,30,3,6,0,6,18,0,18,36,37,740,740000
reuploading,moons,45,7,0.30634600919669625,0.9222222222222223,0.9333333333333333,strongly_entangling,3.0,2,18,24,6,30,3,6,0,6,18,0,18,36,37,740,740000
reuploading,moons,45,8,0.2999418378506241,0.9222222222222223,0.9333333333333333,strongly_entangling,3.0,2,18,24,6,30,3,6,0,6,18,0,18,36,37,740,740000
reuploading,moons,45,9,0.29687035739691586,0.9277777777777778,0.95,strongly_entangling,3.0,2,18,24,6,30,3,6,0,6,18,0,18,36,37,740,740000
reuploading,moons,45,10,0.293107829656787,0.9166666666666666,0.9333333333333333,strongly_entangling,3.0,2,18,24,6,30,3,6,0,6,18,0,18,36,37,740,740000
reuploading,moons,45,11,0.29011516988957664,0.9277777777777778,0.95,strongly_entangling,3.0,2,18,24,6,30,3,6,0,6,18,0,18,36,37,740,740000
reuploading,moons,45,12,0.2872193269249008,0.9222222222222223,0.9333333333333333,strongly_entangling,3.0,2,18,24,6,30,3,6,0,6,18,0,18,36,37,740,740000
reuploading,moons,45,13,0.2854494543043847,0.9222222222222223,0.9166666666666666,strongly_entangling,3.0,2,18,24,6,30,3,6,0,6,18,0,18,36,37,740,740000
reuploading,moons,45,14,0.2836187397537669,0.9222222222222223,0.9166666666666666,strongly_entangling,3.0,2,18,24,6,30,3,6,0,6,18,0,18,36,37,740,740000
reuploading,moons,45,15,0.2841702352817637,0.9222222222222223,0.9166666666666666,strongly_entangling,3.0,2,18,24,6,30,3,6,0,6,18,0,18,36,37,740,740000
reuploading,moons,45,16,0.29203722703450624,0.9166666666666666,0.9166666666666666,strongly_entangling,3.0,2,18,24,6,30,3,6,0,6,18,0,18,36,37,740,740000
reuploading,moons,45,17,0.28584049412907414,0.9222222222222223,0.9333333333333333,strongly_entangling,3.0,2,18,24,6,30,3,6,0,6,18,0,18,36,37,740,740000
reuploading,moons,45,18,0.286326939171728,0.9166666666666666,0.9166666666666666,strongly_entangling,3.0,2,18,24,6,30,3,6,0,6,18,0,18,36,37,740,740000
reuploading,moons,45,19,0.2930594041297684,0.9055555555555556,0.9,strongly_entangling,3.0,2,18,24,6,30,3,6,0,6,18,0,18,36,37,740,740000
reuploading,moons,45,20,0.2839823453094112,0.9222222222222223,0.9166666666666666,strongly_entangling,3.0,2,18,24,6,30,3,6,0,6,18,0,18,36,37,740,740000
reuploading,moons,45,21,0.2848296501595402,0.9222222222222223,0.9166666666666666,strongly_entangling,3.0,2,18,24,6,30,3,6,0,6,18,0,18,36,37,740,740000
reuploading,moons,45,22,0.2889059212531925,0.9111111111111111,0.9,strongly_entangling,3.0,2,18,24,6,30,3,6,0,6,18,0,18,36,37,740,740000
reuploading,moons,45,23,0.2867998042611271,0.9222222222222223,0.9333333333333333,strongly_entangling,3.0,2,18,24,6,30,3,6,0,6,18,0,18,36,37,740,740000
reuploading,moons,45,24,0.28619919944502087,0.9166666666666666,0.9166666666666666,strongly_entangling,3.0,2,18,24,6,30,3,6,0,6,18,0,18,36,37,740,740000
reuploading,moons,45,25,0.2855677599785009,0.9222222222222223,0.9333333333333333,strongly_entangling,3.0,2,18,24,6,30,3,6,0,6,18,0,18,36,37,740,740000
reuploading,moons,45,26,0.2889779904804374,0.9111111111111111,0.9166666666666666,strongly_entangling,3.0,2,18,24,6,30,3,6,0,6,18,0,18,36,37,740,740000
reuploading,moons,45,27,0.2841870971875409,0.9222222222222223,0.9166666666666666,strongly_entangling,3.0,2,18,24,6,30,3,6,0,6,18,0,18,36,37,740,740000
reuploading,moons,45,28,0.2838373072474054,0.9222222222222223,0.9166666666666666,strongly_entangling,3.0,2,18,24,6,30,3,6,0,6,18,0,18,36,37,740,740000
reuploading,moons,45,29,0.2830703207446214,0.9222222222222223,0.9166666666666666,strongly_entangling,3.0,2,18,24,6,30,3,6,0,6,18,0,18,36,37,740,740000
reuploading,moons,45,30,0.28733568731200865,0.9222222222222223,0.9166666666666666,strongly_entangling,3.0,2,18,24,6,30,3,6,0,6,18,0,18,36,37,740,740000
reuploading,moons,46,1,0.5880476348197777,0.7777777777777778,0.8833333333333333,strongly_entangling,3.0,2,18,24,6,30,3,6,0,6,18,0,18,36,37,740,740000
reuploading,moons,46,2,0.5120744296018255,0.8222222222222222,0.8833333333333333,strongly_entangling,3.0,2,18,24,6,30,3,6,0,6,18,0,18,36,37,740,740000
reuploading,moons,46,3,0.44939899687378904,0.8666666666666667,0.95,strongly_entangling,3.0,2,18,24,6,30,3,6,0,6,18,0,18,36,37,740,740000
reuploading,moons,46,4,0.428030141942754,0.8777777777777778,0.9666666666666667,strongly_entangling,3.0,2,18,24,6,30,3,6,0,6,18,0,18,36,37,740,740000
reuploading,moons,46,5,0.4126142792311823,0.8722222222222222,0.9666666666666667,strongly_entangling,3.0,2,18,24,6,30,3,6,0,6,18,0,18,36,37,740,740000
reuploading,moons,46,6,0.4089773026638041,0.8722222222222222,0.95,strongly_entangling,3.0,2,18,24,6,30,3,6,0,6,18,0,18,36,37,740,740000
reuploading,moons,46,7,0.4083124251622152,0.8777777777777778,0.9666666666666667,strongly_entangling,3.0,2,18,24,6,30,3,6,0,6,18,0,18,36,37,740,740000
reuploading,moons,46,8,0.4028419318234962,0.8777777777777778,0.9333333333333333,strongly_entangling,3.0,2,18,24,6,30,3,6,0,6,18,0,18,36,37,740,740000
reuploading,moons,46,9,0.3947259557210559,0.8833333333333333,0.95,strongly_entangling,3.0,2,18,24,6,30,3,6,0,6,18,0,18,36,37,740,740000
reuploading,moons,46,10,0.4080079686316347,0.8888888888888888,0.9666666666666667,strongly_entangling,3.0,2,18,24,6,30,3,6,0,6,18,0,18,36,37,740,740000
reuploading,moons,46,11,0.3941878466931415,0.8777777777777778,0.95,strongly_entangling,3.0,2,18,24,6,30,3,6,0,6,18,0,18,36,37,740,740000
reuploading,moons,46,12,0.39456276688350506,0.8833333333333333,0.95,strongly_entangling,3.0,2,18,24,6,30,3,6,0,6,18,0,18,36,37,740,740000
reuploading,moons,46,13,0.38993179848355913,0.9111111111111111,0.9833333333333333,strongly_entangling,3.0,2,18,24,6,30,3,6,0,6,18,0,18,36,37,740,740000
reuploading,moons,46,14,0.3788484295460277,0.8833333333333333,0.9666666666666667,strongly_entangling,3.0,2,18,24,6,30,3,6,0,6,18,0,18,36,37,740,740000
reuploading,moons,46,15,0.36910847536660846,0.9,0.9833333333333333,strongly_entangling,3.0,2,18,24,6,30,3,6,0,6,18,0,18,36,37,740,740000
reuploading,moons,46,16,0.36304823029793026,0.9,0.9833333333333333,strongly_entangling,3.0,2,18,24,6,30,3,6,0,6,18,0,18,36,37,740,740000
reuploading,moons,46,17,0.373879914726681,0.8944444444444445,0.9666666666666667,strongly_entangling,3.0,2,18,24,6,30,3,6,0,6,18,0,18,36,37,740,740000
reuploading,moons,46,18,0.3611032933747631,0.9,0.9833333333333333,strongly_entangling,3.0,2,18,24,6,30,3,6,0,6,18,0,18,36,37,740,740000
reuploading,moons,46,19,0.3597082824569024,0.8888888888888888,0.9833333333333333,strongly_entangling,3.0,2,18,24,6,30,3,6,0,6,18,0,18,36,37,740,740000
reuploading,moons,46,20,0.35743287779663363,0.8944444444444445,0.9833333333333333,strongly_entangling,3.0,2,18,24,6,30,3,6,0,6,18,0,18,36,37,740,740000
reuploading,moons,46,21,0.355471329642405,0.9,0.9833333333333333,strongly_entangling,3.0,2,18,24,6,30,3,6,0,6,18,0,18,36,37,740,740000
reuploading,moons,46,22,0.3544806217883973,0.9,0.9833333333333333,strongly_entangling,3.0,2,18,24,6,30,3,6,0,6,18,0,18,36,37,740,740000
reuploading,moons,46,23,0.3561256083091471,0.9,0.9833333333333333,strongly_entangling,3.0,2,18,24,6,30,3,6,0,6,18,0,18,36,37,740,740000
reuploading,moons,46,24,0.3586557900446356,0.9,0.95,strongly_entangling,3.0,2,18,24,6,30,3,6,0,6,18,0,18,36,37,740,740000
reuploading,moons,46,25,0.35719295639080123,0.8888888888888888,0.9833333333333333,strongly_entangling,3.0,2,18,24,6,30,3,6,0,6,18,0,18,36,37,740,740000
reuploading,moons,46,26,0.3625735521678338,0.9055555555555556,0.95,strongly_entangling,3.0,2,18,24,6,30,3,6,0,6,18,0,18,36,37,740,740000
reuploading,moons,46,27,0.36437856595236945,0.8888888888888888,0.9666666666666667,strongly_entangling,3.0,2,18,24,6,30,3,6,0,6,18,0,18,36,37,740,740000
reuploading,moons,46,28,0.3600061914582958,0.9055555555555556,0.95,strongly_entangling,3.0,2,18,24,6,30,3,6,0,6,18,0,18,36,37,740,740000
reuploading,moons,46,29,0.3527464473891157,0.8944444444444445,0.9833333333333333,strongly_entangling,3.0,2,18,24,6,30,3,6,0,6,18,0,18,36,37,740,740000
reuploading,moons,46,30,0.353018952348054,0.9,0.9833333333333333,strongly_entangling,3.0,2,18,24,6,30,3,6,0,6,18,0,18,36,37,740,740000
reuploading,circles,42,1,0.9494584836007758,0.5055555555555555,0.48333333333333334,strongly_entangling,3.0,2,18,24,6,30,3,6,0,6,18,0,18,36,37,740,740000
reuploading,circles,42,2,0.6860525142724567,0.85,0.6833333333333333,strongly_entangling,3.0,2,18,24,6,30,3,6,0,6,18,0,18,36,37,740,740000
reuploading,circles,42,3,0.7155999506846189,0.8166666666666667,0.7166666666666667,strongly_entangling,3.0,2,18,24,6,30,3,6,0,6,18,0,18,36,37,740,740000
reuploading,circles,42,4,0.6705365832194891,0.8388888888888889,0.7333333333333333,strongly_entangling,3.0,2,18,24,6,30,3,6,0,6,18,0,18,36,37,740,740000
reuploading,circles,42,5,0.5623140287741767,0.9277777777777778,0.8833333333333333,strongly_entangling,3.0,2,18,24,6,30,3,6,0,6,18,0,18,36,37,740,740000
reuploading,circles,42,6,0.4597032451700901,0.9555555555555556,0.9333333333333333,strongly_entangling,3.0,2,18,24,6,30,3,6,0,6,18,0,18,36,37,740,740000
reuploading,circles,42,7,0.43000593613136684,0.9611111111111111,0.95,strongly_entangling,3.0,2,18,24,6,30,3,6,0,6,18,0,18,36,37,740,740000
reuploading,circles,42,8,0.41835353945524234,0.9555555555555556,0.9333333333333333,strongly_entangling,3.0,2,18,24,6,30,3,6,0,6,18,0,18,36,37,740,740000
reuploading,circles,42,9,0.37937273438087665,0.9111111111111111,0.9,strongly_entangling,3.0,2,18,24,6,30,3,6,0,6,18,0,18,36,37,740,740000
reuploading,circles,42,10,0.32409384307852307,0.9722222222222222,0.9166666666666666,strongly_entangling,3.0,2,18,24,6,30,3,6,0,6,18,0,18,36,37,740,740000
reuploading,circles,42,11,0.2728135415803391,0.9666666666666667,0.9166666666666666,strongly_entangling,3.0,2,18,24,6,30,3,6,0,6,18,0,18,36,37,740,740000
reuploading,circles,42,12,0.26860223565678626,0.95,0.95,strongly_entangling,3.0,2,18,24,6,30,3,6,0,6,18,0,18,36,37,740,740000
reuploading,circles,42,13,0.29312346472590034,0.95,0.8833333333333333,strongly_entangling,3.0,2,18,24,6,30,3,6,0,6,18,0,18,36,37,740,740000
reuploading,circles,42,14,0.26638084410130175,0.9611111111111111,0.9,strongly_entangling,3.0,2,18,24,6,30,3,6,0,6,18,0,18,36,37,740,740000
reuploading,circles,42,15,0.25535171912050125,0.9611111111111111,0.95,strongly_entangling,3.0,2,18,24,6,30,3,6,0,6,18,0,18,36,37,740,740000
reuploading,circles,42,16,0.27935258393741225,0.9611111111111111,0.8666666666666667,strongly_entangling,3.0,2,18,24,6,30,3,6,0,6,18,0,18,36,37,740,740000
reuploading,circles,42,17,0.25227203332594095,0.9666666666666667,0.95,strongly_entangling,3.0,2,18,24,6,30,3,6,0,6,18,0,18,36,37,740,740000
reuploading,circles,42,18,0.26428658659774695,0.95,0.9166666666666666,strongly_entangling,3.0,2,18,24,6,30,3,6,0,6,18,0,18,36,37,740,740000
reuploading,circles,42,19,0.2461493627448057,0.9666666666666667,0.9166666666666666,strongly_entangling,3.0,2,18,24,6,30,3,6,0,6,18,0,18,36,37,740,740000
reuploading,circles,42,20,0.25140800232130356,0.9777777777777777,0.9166666666666666,strongly_entangling,3.0,2,18,24,6,30,3,6,0,6,18,0,18,36,37,740,740000
reuploading,circles,42,21,0.24596671712420026,0.9722222222222222,0.9166666666666666,strongly_entangling,3.0,2,18,24,6,30,3,6,0,6,18,0,18,36,37,740,740000
reuploading,circles,42,22,0.24731549933820784,0.9666666666666667,0.95,strongly_entangling,3.0,2,18,24,6,30,3,6,0,6,18,0,18,36,37,740,740000
reuploading,circles,42,23,0.24912813172733445,0.9666666666666667,0.95,strongly_entangling,3.0,2,18,24,6,30,3,6,0,6,18,0,18,36,37,740,740000
reuploading,circles,42,24,0.2794929836407688,0.9222222222222223,0.9166666666666666,strongly_entangling,3.0,2,18,24,6,30,3,6,0,6,18,0,18,36,37,740,740000
reuploading,circles,42,25,0.2627196254374212,0.9666666666666667,0.9166666666666666,strongly_entangling,3.0,2,18,24,6,30,3,6,0,6,18,0,18,36,37,740,740000
reuploading,circles,42,26,0.26097210300175255,0.9388888888888889,0.95,strongly_entangling,3.0,2,18,24,6,30,3,6,0,6,18,0,18,36,37,740,740000
reuploading,circles,42,27,0.2520301252559148,0.9722222222222222,0.9166666666666666,strongly_entangling,3.0,2,18,24,6,30,3,6,0,6,18,0,18,36,37,740,740000
reuploading,circles,42,28,0.2431765444893851,0.9722222222222222,0.9166666666666666,strongly_entangling,3.0,2,18,24,6,30,3,6,0,6,18,0,18,36,37,740,740000
reuploading,circles,42,29,0.24995289409081645,0.9611111111111111,0.9333333333333333,strongly_entangling,3.0,2,18,24,6,30,3,6,0,6,18,0,18,36,37,740,740000
reuploading,circles,42,30,0.26584874299460465,0.9555555555555556,0.9,strongly_entangling,3.0,2,18,24,6,30,3,6,0,6,18,0,18,36,37,740,740000
reuploading,circles,43,1,0.8358649290302329,0.6888888888888889,0.6666666666666666,strongly_entangling,3.0,2,18,24,6,30,3,6,0,6,18,0,18,36,37,740,740000
reuploading,circles,43,2,0.7041949832503627,0.7666666666666667,0.75,strongly_entangling,3.0,2,18,24,6,30,3,6,0,6,18,0,18,36,37,740,740000
reuploading,circles,43,3,0.6147568402115295,0.8222222222222222,0.8666666666666667,strongly_entangling,3.0,2,18,24,6,30,3,6,0,6,18,0,18,36,37,740,740000
reuploading,circles,43,4,0.5106410965669206,0.8722222222222222,0.95,strongly_entangling,3.0,2,18,24,6,30,3,6,0,6,18,0,18,36,37,740,740000
reuploading,circles,43,5,0.3883904265791152,0.9611111111111111,0.9833333333333333,strongly_entangling,3.0,2,18,24,6,30,3,6,0,6,18,0,18,36,37,740,740000
reuploading,circles,43,6,0.3448466286248497,0.9388888888888889,0.9666666666666667,strongly_entangling,3.0,2,18,24,6,30,3,6,0,6,18,0,18,36,37,740,740000
reuploading,circles,43,7,0.3267489374990058,0.9555555555555556,0.9833333333333333,strongly_entangling,3.0,2,18,24,6,30,3,6,0,6,18,0,18,36,37,740,740000
reuploading,circles,43,8,0.3050795969897728,0.9555555555555556,0.9833333333333333,strongly_entangling,3.0,2,18,24,6,30,3,6,0,6,18,0,18,36,37,740,740000
reuploading,circles,43,9,0.2964515167831807,0.9722222222222222,0.9833333333333333,strongly_entangling,3.0,2,18,24,6,30,3,6,0,6,18,0,18,36,37,740,740000
reuploading,circles,43,10,0.2890766648611238,0.9666666666666667,0.9666666666666667,strongly_entangling,3.0,2,18,24,6,30,3,6,0,6,18,0,18,36,37,740,740000
reuploading,circles,43,11,0.28704541645814974,0.9666666666666667,0.9666666666666667,strongly_entangling,3.0,2,18,24,6,30,3,6,0,6,18,0,18,36,37,740,740000
reuploading,circles,43,12,0.29219190608884565,0.9555555555555556,1.0,strongly_entangling,3.0,2,18,24,6,30,3,6,0,6,18,0,18,36,37,740,740000
reuploading,circles,43,13,0.29099886478045944,0.9555555555555556,0.95,strongly_entangling,3.0,2,18,24,6,30,3,6,0,6,18,0,18,36,37,740,740000
reuploading,circles,43,14,0.29282422814494596,0.9611111111111111,1.0,strongly_entangling,3.0,2,18,24,6,30,3,6,0,6,18,0,18,36,37,740,740000
reuploading,circles,43,15,0.2906938460594821,0.95,0.9666666666666667,strongly_entangling,3.0,2,18,24,6,30,3,6,0,6,18,0,18,36,37,740,740000
reuploading,circles,43,16,0.29047070674163017,0.9555555555555556,0.9833333333333333,strongly_entangling,3.0,2,18,24,6,30,3,6,0,6,18,0,18,36,37,740,740000
reuploading,circles,43,17,0.2896410870252916,0.9611111111111111,0.95,strongly_entangling,3.0,2,18,24,6,30,3,6,0,6,18,0,18,36,37,740,740000
reuploading,circles,43,18,0.2879482874256079,0.9555555555555556,0.9666666666666667,strongly_entangling,3.0,2,18,24,6,30,3,6,0,6,18,0,18,36,37,740,740000
reuploading,circles,43,19,0.2861848872835608,0.9555555555555556,0.9666666666666667,strongly_entangling,3.0,2,18,24,6,30,3,6,0,6,18,0,18,36,37,740,740000
reuploading,circles,43,20,0.2805810954225821,0.9611111111111111,0.9833333333333333,strongly_entangling,3.0,2,18,24,6,30,3,6,0,6,18,0,18,36,37,740,740000
reuploading,circles,43,21,0.27551678440195965,0.9666666666666667,0.9666666666666667,strongly_entangling,3.0,2,18,24,6,30,3,6,0,6,18,0,18,36,37,740,740000
reuploading,circles,43,22,0.2742141462582527,0.9666666666666667,0.9666666666666667,strongly_entangling,3.0,2,18,24,6,30,3,6,0,6,18,0,18,36,37,740,740000
reuploading,circles,43,23,0.2725840477004174,0.9611111111111111,0.9833333333333333,strongly_entangling,3.0,2,18,24,6,30,3,6,0,6,18,0,18,36,37,740,740000
reuploading,circles,43,24,0.2806002809338128,0.9611111111111111,0.9833333333333333,strongly_entangling,3.0,2,18,24,6,30,3,6,0,6,18,0,18,36,37,740,740000
reuploading,circles,43,25,0.2769136573533892,0.9611111111111111,0.9833333333333333,strongly_entangling,3.0,2,18,24,6,30,3,6,0,6,18,0,18,36,37,740,740000
reuploading,circles,43,26,0.270764822879581,0.9611111111111111,0.9833333333333333,strongly_entangling,3.0,2,18,24,6,30,3,6,0,6,18,0,18,36,37,740,740000
reuploading,circles,43,27,0.2712683183664838,0.9666666666666667,0.9833333333333333,strongly_entangling,3.0,2,18,24,6,30,3,6,0,6,18,0,18,36,37,740,740000
reuploading,circles,43,28,0.27753256243565516,0.9555555555555556,1.0,strongly_entangling,3.0,2,18,24,6,30,3,6,0,6,18,0,18,36,37,740,740000
reuploading,circles,43,29,0.2718120624375146,0.9666666666666667,0.9833333333333333,strongly_entangling,3.0,2,18,24,6,30,3,6,0,6,18,0,18,36,37,740,740000
reuploading,circles,43,30,0.26928553990944604,0.9611111111111111,0.9833333333333333,strongly_entangling,3.0,2,18,24,6,30,3,6,0,6,18,0,18,36,37,740,740000
reuploading,circles,44,1,0.7510557387346991,0.7555555555555555,0.7,strongly_entangling,3.0,2,18,24,6,30,3,6,0,6,18,0,18,36,37,740,740000
reuploading,circles,44,2,0.5734325755054398,0.8833333333333333,0.8,strongly_entangling,3.0,2,18,24,6,30,3,6,0,6,18,0,18,36,37,740,740000
reuploading,circles,44,3,0.474303990024832,0.8888888888888888,0.8833333333333333,strongly_entangling,3.0,2,18,24,6,30,3,6,0,6,18,0,18,36,37,740,740000
reuploading,circles,44,4,0.44019639035130637,0.9222222222222223,0.9333333333333333,strongly_entangling,3.0,2,18,24,6,30,3,6,0,6,18,0,18,36,37,740,740000
reuploading,circles,44,5,0.40123166021450596,0.9611111111111111,0.9333333333333333,strongly_entangling,3.0,2,18,24,6,30,3,6,0,6,18,0,18,36,37,740,740000
reuploading,circles,44,6,0.3851926209925972,0.9388888888888889,0.9,strongly_entangling,3.0,2,18,24,6,30,3,6,0,6,18,0,18,36,37,740,740000
reuploading,circles,44,7,0.3818807424880161,0.9277777777777778,0.9,strongly_entangling,3.0,2,18,24,6,30,3,6,0,6,18,0,18,36,37,740,740000
reuploading,circles,44,8,0.37070060647066566,0.9444444444444444,0.9,strongly_entangling,3.0,2,18,24,6,30,3,6,0,6,18,0,18,36,37,740,740000
reuploading,circles,44,9,0.3548046906757797,0.9555555555555556,0.9333333333333333,strongly_entangling,3.0,2,18,24,6,30,3,6,0,6,18,0,18,36,37,740,740000
reuploading,circles,44,10,0.34495041767691575,0.9555555555555556,0.9,strongly_entangling,3.0,2,18,24,6,30,3,6,0,6,18,0,18,36,37,740,740000
reuploading,circles,44,11,0.3293169083577859,0.95,0.9333333333333333,strongly_entangling,3.0,2,18,24,6,30,3,6,0,6,18,0,18,36,37,740,740000
reuploading,circles,44,12,0.3197125793967096,0.9611111111111111,0.9333333333333333,strongly_entangling,3.0,2,18,24,6,30,3,6,0,6,18,0,18,36,37,740,740000
reuploading,circles,44,13,0.3110675555687538,0.9611111111111111,0.95,strongly_entangling,3.0,2,18,24,6,30,3,6,0,6,18,0,18,36,37,740,740000
reuploading,circles,44,14,0.3181433015322131,0.9555555555555556,0.9,strongly_entangling,3.0,2,18,24,6,30,3,6,0,6,18,0,18,36,37,740,740000
reuploading,circles,44,15,0.30897362526503114,0.9722222222222222,0.9333333333333333,strongly_entangling,3.0,2,18,24,6,30,3,6,0,6,18,0,18,36,37,740,740000
reuploading,circles,44,16,0.30063079232645395,0.9666666666666667,0.95,strongly_entangling,3.0,2,18,24,6,30,3,6,0,6,18,0,18,36,37,740,740000
reuploading,circles,44,17,0.30314076317587074,0.9722222222222222,0.95,strongly_entangling,3.0,2,18,24,6,30,3,6,0,6,18,0,18,36,37,740,740000
reuploading,circles,44,18,0.30277662929883836,0.9722222222222222,0.95,strongly_entangling,3.0,2,18,24,6,30,3,6,0,6,18,0,18,36,37,740,740000
reuploading,circles,44,19,0.30670829848377756,0.9777777777777777,0.95,strongly_entangling,3.0,2,18,24,6,30,3,6,0,6,18,0,18,36,37,740,740000
reuploading,circles,44,20,0.3008109900686203,0.9666666666666667,0.95,strongly_entangling,3.0,2,18,24,6,30,3,6,0,6,18,0,18,36,37,740,740000
reuploading,circles,44,21,0.2988045521611655,0.9833333333333333,0.95,strongly_entangling,3.0,2,18,24,6,30,3,6,0,6,18,0,18,36,37,740,740000
reuploading,circles,44,22,0.3157464843246265,0.9611111111111111,0.95,strongly_entangling,3.0,2,18,24,6,30,3,6,0,6,18,0,18,36,37,740,740000
reuploading,circles,44,23,0.2975702133046188,0.9666666666666667,0.9333333333333333,strongly_entangling,3.0,2,18,24,6,30,3,6,0,6,18,0,18,36,37,740,740000
reuploading,circles,44,24,0.29358489914552605,0.9722222222222222,0.9833333333333333,strongly_entangling,3.0,2,18,24,6,30,3,6,0,6,18,0,18,36,37,740,740000
reuploading,circles,44,25,0.291186898905189,0.9777777777777777,0.95,strongly_entangling,3.0,2,18,24,6,30,3,6,0,6,18,0,18,36,37,740,740000
reuploading,circles,44,26,0.29069096600279765,0.9722222222222222,0.9666666666666667,strongly_entangling,3.0,2,18,24,6,30,3,6,0,6,18,0,18,36,37,740,740000
reuploading,circles,44,27,0.2907746039972047,0.9722222222222222,0.95,strongly_entangling,3.0,2,18,24,6,30,3,6,0,6,18,0,18,36,37,740,740000
reuploading,circles,44,28,0.29352248890707455,0.9722222222222222,0.9666666666666667,strongly_entangling,3.0,2,18,24,6,30,3,6,0,6,18,0,18,36,37,740,740000
reuploading,circles,44,29,0.3012376725068699,0.9722222222222222,0.95,strongly_entangling,3.0,2,18,24,6,30,3,6,0,6,18,0,18,36,37,740,740000
reuploading,circles,44,30,0.2924503516905788,0.9777777777777777,0.9666666666666667,strongly_entangling,3.0,2,18,24,6,30,3,6,0,6,18,0,18,36,37,740,740000
reuploading,circles,45,1,0.7630649248606877,0.6611111111111111,0.7,strongly_entangling,3.0,2,18,24,6,30,3,6,0,6,18,0,18,36,37,740,740000
reuploading,circles,45,2,0.5855162055050265,0.8555555555555555,0.8333333333333334,strongly_entangling,3.0,2,18,24,6,30,3,6,0,6,18,0,18,36,37,740,740000
reuploading,circles,45,3,0.45415942712108326,0.8888888888888888,0.8666666666666667,strongly_entangling,3.0,2,18,24,6,30,3,6,0,6,18,0,18,36,37,740,740000
reuploading,circles,45,4,0.32829260614034517,0.9611111111111111,0.9333333333333333,strongly_entangling,3.0,2,18,24,6,30,3,6,0,6,18,0,18,36,37,740,740000
reuploading,circles,45,5,0.3043725494303397,0.9666666666666667,0.9833333333333333,strongly_entangling,3.0,2,18,24,6,30,3,6,0,6,18,0,18,36,37,740,740000
reuploading,circles,45,6,0.28548566304580986,0.9722222222222222,0.9833333333333333,strongly_entangling,3.0,2,18,24,6,30,3,6,0,6,18,0,18,36,37,740,740000
reuploading,circles,45,7,0.27475751642943563,0.9722222222222222,0.9833333333333333,strongly_entangling,3.0,2,18,24,6,30,3,6,0,6,18,0,18,36,37,740,740000
reuploading,circles,45,8,0.2814682395418616,0.9555555555555556,1.0,strongly_entangling,3.0,2,18,24,6,30,3,6,0,6,18,0,18,36,37,740,740000
reuploading,circles,45,9,0.2704777669744552,0.9611111111111111,0.9833333333333333,strongly_entangling,3.0,2,18,24,6,30,3,6,0,6,18,0,18,36,37,740,740000
reuploading,circles,45,10,0.2638364564437331,0.9777777777777777,1.0,strongly_entangling,3.0,2,18,24,6,30,3,6,0,6,18,0,18,36,37,740,740000
reuploading,circles,45,11,0.26650542989830883,0.9611111111111111,0.9833333333333333,strongly_entangling,3.0,2,18,24,6,30,3,6,0,6,18,0,18,36,37,740,740000
reuploading,circles,45,12,0.2827084769073711,0.9666666666666667,0.9666666666666667,strongly_entangling,3.0,2,18,24,6,30,3,6,0,6,18,0,18,36,37,740,740000
reuploading,circles,45,13,0.2675019977034636,0.9555555555555556,0.9833333333333333,strongly_entangling,3.0,2,18,24,6,30,3,6,0,6,18,0,18,36,37,740,740000
reuploading,circles,45,14,0.2631446666251608,0.9611111111111111,0.9833333333333333,strongly_entangling,3.0,2,18,24,6,30,3,6,0,6,18,0,18,36,37,740,740000
reuploading,circles,45,15,0.27320142581854984,0.9611111111111111,0.9833333333333333,strongly_entangling,3.0,2,18,24,6,30,3,6,0,6,18,0,18,36,37,740,740000
reuploading,circles,45,16,0.25995556984329476,0.9722222222222222,0.9833333333333333,strongly_entangling,3.0,2,18,24,6,30,3,6,0,6,18,0,18,36,37,740,740000
reuploading,circles,45,17,0.25941235080637,0.95,0.9833333333333333,strongly_entangling,3.0,2,18,24,6,30,3,6,0,6,18,0,18,36,37,740,740000
reuploading,circles,45,18,0.26432934616011117,0.9611111111111111,0.9833333333333333,strongly_entangling,3.0,2,18,24,6,30,3,6,0,6,18,0,18,36,37,740,740000
reuploading,circles,45,19,0.2968551862476622,0.9222222222222223,0.9166666666666666,strongly_entangling,3.0,2,18,24,6,30,3,6,0,6,18,0,18,36,37,740,740000
reuploading,circles,45,20,0.26269332907983417,0.9666666666666667,0.9833333333333333,strongly_entangling,3.0,2,18,24,6,30,3,6,0,6,18,0,18,36,37,740,740000
reuploading,circles,45,21,0.25655723789830764,0.9666666666666667,0.9833333333333333,strongly_entangling,3.0,2,18,24,6,30,3,6,0,6,18,0,18,36,37,740,740000
reuploading,circles,45,22,0.25829040067330244,0.9722222222222222,0.9833333333333333,strongly_entangling,3.0,2,18,24,6,30,3,6,0,6,18,0,18,36,37,740,740000
reuploading,circles,45,23,0.25022540163022483,0.9666666666666667,0.9833333333333333,strongly_entangling,3.0,2,18,24,6,30,3,6,0,6,18,0,18,36,37,740,740000
reuploading,circles,45,24,0.2511054384250326,0.9666666666666667,0.9833333333333333,strongly_entangling,3.0,2,18,24,6,30,3,6,0,6,18,0,18,36,37,740,740000
reuploading,circles,45,25,0.25994778736912494,0.9722222222222222,1.0,strongly_entangling,3.0,2,18,24,6,30,3,6,0,6,18,0,18,36,37,740,740000
reuploading,circles,45,26,0.2510561707107927,0.9666666666666667,0.9833333333333333,strongly_entangling,3.0,2,18,24,6,30,3,6,0,6,18,0,18,36,37,740,740000
reuploading,circles,45,27,0.2582958907940298,0.9666666666666667,0.9833333333333333,strongly_entangling,3.0,2,18,24,6,30,3,6,0,6,18,0,18,36,37,740,740000
reuploading,circles,45,28,0.2535686597601642,0.9555555555555556,0.9833333333333333,strongly_entangling,3.0,2,18,24,6,30,3,6,0,6,18,0,18,36,37,740,740000
reuploading,circles,45,29,0.2467439225140556,0.9666666666666667,0.9833333333333333,strongly_entangling,3.0,2,18,24,6,30,3,6,0,6,18,0,18,36,37,740,740000
reuploading,circles,45,30,0.25512513804014114,0.9666666666666667,0.9833333333333333,strongly_entangling,3.0,2,18,24,6,30,3,6,0,6,18,0,18,36,37,740,740000
reuploading,circles,46,1,0.8030817065603745,0.7444444444444445,0.7666666666666667,strongly_entangling,3.0,2,18,24,6,30,3,6,0,6,18,0,18,36,37,740,740000
reuploading,circles,46,2,0.6796273965418613,0.8444444444444444,0.8166666666666667,strongly_entangling,3.0,2,18,24,6,30,3,6,0,6,18,0,18,36,37,740,740000
reuploading,circles,46,3,0.5228971208366855,0.95,0.9833333333333333,strongly_entangling,3.0,2,18,24,6,30,3,6,0,6,18,0,18,36,37,740,740000
reuploading,circles,46,4,0.4521130232399725,0.9277777777777778,0.9833333333333333,strongly_entangling,3.0,2,18,24,6,30,3,6,0,6,18,0,18,36,37,740,740000
reuploading,circles,46,5,0.3993731082781964,0.9444444444444444,0.9666666666666667,strongly_entangling,3.0,2,18,24,6,30,3,6,0,6,18,0,18,36,37,740,740000
reuploading,circles,46,6,0.33604053903431186,0.9444444444444444,1.0,strongly_entangling,3.0,2,18,24,6,30,3,6,0,6,18,0,18,36,37,740,740000
reuploading,circles,46,7,0.3080587604461114,0.9388888888888889,1.0,strongly_entangling,3.0,2,18,24,6,30,3,6,0,6,18,0,18,36,37,740,740000
reuploading,circles,46,8,0.29500544722288324,0.9555555555555556,0.9833333333333333,strongly_entangling,3.0,2,18,24,6,30,3,6,0,6,18,0,18,36,37,740,740000
reuploading,circles,46,9,0.2903445035867099,0.9555555555555556,0.9833333333333333,strongly_entangling,3.0,2,18,24,6,30,3,6,0,6,18,0,18,36,37,740,740000
reuploading,circles,46,10,0.2731099254990951,0.9611111111111111,0.9833333333333333,strongly_entangling,3.0,2,18,24,6,30,3,6,0,6,18,0,18,36,37,740,740000
reuploading,circles,46,11,0.2823026260693612,0.9611111111111111,1.0,strongly_entangling,3.0,2,18,24,6,30,3,6,0,6,18,0,18,36,37,740,740000
reuploading,circles,46,12,0.2846326942963922,0.9611111111111111,0.9833333333333333,strongly_entangling,3.0,2,18,24,6,30,3,6,0,6,18,0,18,36,37,740,740000
reuploading,circles,46,13,0.27742529021866547,0.9611111111111111,1.0,strongly_entangling,3.0,2,18,24,6,30,3,6,0,6,18,0,18,36,37,740,740000
reuploading,circles,46,14,0.2713226122123013,0.9722222222222222,0.9833333333333333,strongly_entangling,3.0,2,18,24,6,30,3,6,0,6,18,0,18,36,37,740,740000
reuploading,circles,46,15,0.2674913872032903,0.9666666666666667,1.0,strongly_entangling,3.0,2,18,24,6,30,3,6,0,6,18,0,18,36,37,740,740000
reuploading,circles,46,16,0.2667038764130002,0.9722222222222222,0.9833333333333333,strongly_entangling,3.0,2,18,24,6,30,3,6,0,6,18,0,18,36,37,740,740000
reuploading,circles,46,17,0.25398011405366216,0.9722222222222222,0.9833333333333333,strongly_entangling,3.0,2,18,24,6,30,3,6,0,6,18,0,18,36,37,740,740000
reuploading,circles,46,18,0.25423579964991444,0.9777777777777777,0.9833333333333333,strongly_entangling,3.0,2,18,24,6,30,3,6,0,6,18,0,18,36,37,740,740000
reuploading,circles,46,19,0.25719359837033945,0.9611111111111111,0.9833333333333333,strongly_entangling,3.0,2,18,24,6,30,3,6,0,6,18,0,18,36,37,740,740000
reuploading,circles,46,20,0.2528847250045481,0.9722222222222222,0.9833333333333333,strongly_entangling,3.0,2,18,24,6,30,3,6,0,6,18,0,18,36,37,740,740000
reuploading,circles,46,21,0.25082635606156206,0.9722222222222222,0.9833333333333333,strongly_entangling,3.0,2,18,24,6,30,3,6,0,6,18,0,18,36,37,740,740000
reuploading,circles,46,22,0.253299336410703,0.9666666666666667,0.9833333333333333,strongly_entangling,3.0,2,18,24,6,30,3,6,0,6,18,0,18,36,37,740,740000
reuploading,circles,46,23,0.2544305910534873,0.9666666666666667,0.9833333333333333,strongly_entangling,3.0,2,18,24,6,30,3,6,0,6,18,0,18,36,37,740,740000
reuploading,circles,46,24,0.2638016118001679,0.9666666666666667,0.9833333333333333,strongly_entangling,3.0,2,18,24,6,30,3,6,0,6,18,0,18,36,37,740,740000
reuploading,circles,46,25,0.2512143220024786,0.9722222222222222,0.9833333333333333,strongly_entangling,3.0,2,18,24,6,30,3,6,0,6,18,0,18,36,37,740,740000
reuploading,circles,46,26,0.2501009596716572,0.9777777777777777,0.9833333333333333,strongly_entangling,3.0,2,18,24,6,30,3,6,0,6,18,0,18,36,37,740,740000
reuploading,circles,46,27,0.2494441362388206,0.9666666666666667,0.9833333333333333,strongly_entangling,3.0,2,18,24,6,30,3,6,0,6,18,0,18,36,37,740,740000
reuploading,circles,46,28,0.24719552063741088,0.9722222222222222,0.9833333333333333,strongly_entangling,3.0,2,18,24,6,30,3,6,0,6,18,0,18,36,37,740,740000
reuploading,circles,46,29,0.2471056040026679,0.9777777777777777,0.9833333333333333,strongly_entangling,3.0,2,18,24,6,30,3,6,0,6,18,0,18,36,37,740,740000
reuploading,circles,46,30,0.2551018147603987,0.9611111111111111,0.9833333333333333,strongly_entangling,3.0,2,18,24,6,30,3,6,0,6,18,0,18,36,37,740,740000
zz,xor,42,1,0.9199604369628203,0.6166666666666667,0.55,strongly_entangling,,2,20,22,8,30,10,10,4,14,12,0,12,24,25,500,500000
zz,xor,42,2,0.7921459806146456,0.6611111111111111,0.5666666666666667,strongly_entangling,,2,20,22,8,30,10,10,4,14,12,0,12,24,25,500,500000
zz,xor,42,3,0.7456328748082048,0.6833333333333333,0.6166666666666667,strongly_entangling,,2,20,22,8,30,10,10,4,14,12,0,12,24,25,500,500000
zz,xor,42,4,0.7448586346972796,0.7222222222222222,0.6333333333333333,strongly_entangling,,2,20,22,8,30,10,10,4,14,12,0,12,24,25,500,500000
zz,xor,42,5,0.7470967700321921,0.7166666666666667,0.65,strongly_entangling,,2,20,22,8,30,10,10,4,14,12,0,12,24,25,500,500000
zz,xor,42,6,0.7441242555795313,0.7055555555555556,0.6166666666666667,strongly_entangling,,2,20,22,8,30,10,10,4,14,12,0,12,24,25,500,500000
zz,xor,42,7,0.7444697118123813,0.7,0.6166666666666667,strongly_entangling,,2,20,22,8,30,10,10,4,14,12,0,12,24,25,500,500000
zz,xor,42,8,0.7579655973706121,0.7055555555555556,0.7,strongly_entangling,,2,20,22,8,30,10,10,4,14,12,0,12,24,25,500,500000
zz,xor,42,9,0.7465074844036914,0.6777777777777778,0.6333333333333333,strongly_entangling,,2,20,22,8,30,10,10,4,14,12,0,12,24,25,500,500000
zz,xor,42,10,0.7584790988870377,0.6888888888888889,0.6166666666666667,strongly_entangling,,2,20,22,8,30,10,10,4,14,12,0,12,24,25,500,500000
zz,xor,42,11,0.7414812681173593,0.6944444444444444,0.6666666666666666,strongly_entangling,,2,20,22,8,30,10,10,4,14,12,0,12,24,25,500,500000
zz,xor,42,12,0.7439093864509064,0.6833333333333333,0.6166666666666667,strongly_entangling,,2,20,22,8,30,10,10,4,14,12,0,12,24,25,500,500000
zz,xor,42,13,0.7440327051656002,0.7166666666666667,0.6333333333333333,strongly_entangling,,2,20,22,8,30,10,10,4,14,12,0,12,24,25,500,500000
zz,xor,42,14,0.7447997502835638,0.6722222222222223,0.6333333333333333,strongly_entangling,,2,20,22,8,30,10,10,4,14,12,0,12,24,25,500,500000
zz,xor,42,15,0.7414081440829455,0.6833333333333333,0.6333333333333333,strongly_entangling,,2,20,22,8,30,10,10,4,14,12,0,12,24,25,500,500000
zz,xor,42,16,0.7449591933105207,0.7277777777777777,0.6666666666666666,strongly_entangling,,2,20,22,8,30,10,10,4,14,12,0,12,24,25,500,500000
zz,xor,42,17,0.7457897017021056,0.6722222222222223,0.6,strongly_entangling,,2,20,22,8,30,10,10,4,14,12,0,12,24,25,500,500000
zz,xor,42,18,0.7407951484625842,0.6777777777777778,0.6,strongly_entangling,,2,20,22,8,30,10,10,4,14,12,0,12,24,25,500,500000
zz,xor,42,19,0.7405281247649749,0.6888888888888889,0.6833333333333333,strongly_entangling,,2,20,22,8,30,10,10,4,14,12,0,12,24,25,500,500000
zz,xor,42,20,0.741130244804353,0.7055555555555556,0.6333333333333333,strongly_entangling,,2,20,22,8,30,10,10,4,14,12,0,12,24,25,500,500000
zz,xor,42,21,0.7466019263947561,0.6777777777777778,0.6333333333333333,strongly_entangling,,2,20,22,8,30,10,10,4,14,12,0,12,24,25,500,500000
zz,xor,42,22,0.7432820625076272,0.6888888888888889,0.6333333333333333,strongly_entangling,,2,20,22,8,30,10,10,4,14,12,0,12,24,25,500,500000
zz,xor,42,23,0.7424054675111433,0.7055555555555556,0.7,strongly_entangling,,2,20,22,8,30,10,10,4,14,12,0,12,24,25,500,500000
zz,xor,42,24,0.7405606037617678,0.6833333333333333,0.6666666666666666,strongly_entangling,,2,20,22,8,30,10,10,4,14,12,0,12,24,25,500,500000
zz,xor,42,25,0.7451848616707214,0.6888888888888889,0.6166666666666667,strongly_entangling,,2,20,22,8,30,10,10,4,14,12,0,12,24,25,500,500000
zz,xor,42,26,0.7403954942006565,0.6777777777777778,0.65,strongly_entangling,,2,20,22,8,30,10,10,4,14,12,0,12,24,25,500,500000
zz,xor,42,27,0.7426699181495457,0.6777777777777778,0.6333333333333333,strongly_entangling,,2,20,22,8,30,10,10,4,14,12,0,12,24,25,500,500000
zz,xor,42,28,0.7505386373690756,0.7111111111111111,0.6,strongly_entangling,,2,20,22,8,30,10,10,4,14,12,0,12,24,25,500,500000
zz,xor,42,29,0.7516051181284596,0.6888888888888889,0.6666666666666666,strongly_entangling,,2,20,22,8,30,10,10,4,14,12,0,12,24,25,500,500000
zz,xor,42,30,0.7433018338796994,0.6833333333333333,0.6333333333333333,strongly_entangling,,2,20,22,8,30,10,10,4,14,12,0,12,24,25,500,500000
zz,xor,43,1,0.8656981854590156,0.6666666666666666,0.6333333333333333,strongly_entangling,,2,20,22,8,30,10,10,4,14,12,0,12,24,25,500,500000
zz,xor,43,2,0.7782056194370118,0.6833333333333333,0.6333333333333333,strongly_entangling,,2,20,22,8,30,10,10,4,14,12,0,12,24,25,500,500000
zz,xor,43,3,0.7144622900354641,0.7333333333333333,0.7,strongly_entangling,,2,20,22,8,30,10,10,4,14,12,0,12,24,25,500,500000
zz,xor,43,4,0.7306938276170141,0.7166666666666667,0.75,strongly_entangling,,2,20,22,8,30,10,10,4,14,12,0,12,24,25,500,500000
zz,xor,43,5,0.7127158730994085,0.75,0.6833333333333333,strongly_entangling,,2,20,22,8,30,10,10,4,14,12,0,12,24,25,500,500000
zz,xor,43,6,0.7164264341379638,0.7333333333333333,0.7,strongly_entangling,,2,20,22,8,30,10,10,4,14,12,0,12,24,25,500,500000
zz,xor,43,7,0.7105841792424991,0.7333333333333333,0.7166666666666667,strongly_entangling,,2,20,22,8,30,10,10,4,14,12,0,12,24,25,500,500000
zz,xor,43,8,0.7129085611520398,0.7333333333333333,0.75,strongly_entangling,,2,20,22,8,30,10,10,4,14,12,0,12,24,25,500,500000
zz,xor,43,9,0.7119762097739954,0.7333333333333333,0.7,strongly_entangling,,2,20,22,8,30,10,10,4,14,12,0,12,24,25,500,500000
zz,xor,43,10,0.7138045089068485,0.75,0.7,strongly_entangling,,2,20,22,8,30,10,10,4,14,12,0,12,24,25,500,500000
zz,xor,43,11,0.7122925256727927,0.7444444444444445,0.7,strongly_entangling,,2,20,22,8,30,10,10,4,14,12,0,12,24,25,500,500000
zz,xor,43,12,0.7203212112790822,0.7388888888888889,0.7333333333333333,strongly_entangling,,2,20,22,8,30,10,10,4,14,12,0,12,24,25,500,500000
zz,xor,43,13,0.7212717289990382,0.75,0.7166666666666667,strongly_entangling,,2,20,22,8,30,10,10,4,14,12,0,12,24,25,500,500000
zz,xor,43,14,0.7202338964490657,0.7222222222222222,0.6666666666666666,strongly_entangling,,2,20,22,8,30,10,10,4,14,12,0,12,24,25,500,500000
zz,xor,43,15,0.7142397126270819,0.7388888888888889,0.7333333333333333,strongly_entangling,,2,20,22,8,30,10,10,4,14,12,0,12,24,25,500,500000
zz,xor,43,16,0.711033671252331,0.7444444444444445,0.7,strongly_entangling,,2,20,22,8,30,10,10,4,14,12,0,12,24,25,500,500000
zz,xor,43,17,0.7130223782738656,0.7444444444444445,0.6833333333333333,strongly_entangling,,2,20,22,8,30,10,10,4,14,12,0,12,24,25,500,500000
zz,xor,43,18,0.7214898366432162,0.7166666666666667,0.7666666666666667,strongly_entangling,,2,20,22,8,30,10,10,4,14,12,0,12,24,25,500,500000
zz,xor,43,19,0.7118429298428718,0.7444444444444445,0.7333333333333333,strongly_entangling,,2,20,22,8,30,10,10,4,14,12,0,12,24,25,500,500000
zz,xor,43,20,0.7113485542150342,0.7444444444444445,0.7166666666666667,strongly_entangling,,2,20,22,8,30,10,10,4,14,12,0,12,24,25,500,500000
zz,xor,43,21,0.7115794963329438,0.7277777777777777,0.6666666666666666,strongly_entangling,,2,20,22,8,30,10,10,4,14,12,0,12,24,25,500,500000
zz,xor,43,22,0.7165321620454692,0.7277777777777777,0.7166666666666667,strongly_entangling,,2,20,22,8,30,10,10,4,14,12,0,12,24,25,500,500000
zz,xor,43,23,0.7173986538982553,0.7388888888888889,0.7166666666666667,strongly_entangling,,2,20,22,8,30,10,10,4,14,12,0,12,24,25,500,500000
zz,xor,43,24,0.7148547899838806,0.7333333333333333,0.7333333333333333,strongly_entangling,,2,20,22,8,30,10,10,4,14,12,0,12,24,25,500,500000
zz,xor,43,25,0.714444004672295,0.7444444444444445,0.75,strongly_entangling,,2,20,22,8,30,10,10,4,14,12,0,12,24,25,500,500000
zz,xor,43,26,0.7100675137335597,0.7388888888888889,0.7,strongly_entangling,,2,20,22,8,30,10,10,4,14,12,0,12,24,25,500,500000
zz,xor,43,27,0.7135653461135447,0.7277777777777777,0.75,strongly_entangling,,2,20,22,8,30,10,10,4,14,12,0,12,24,25,500,500000
zz,xor,43,28,0.7129750010443767,0.7444444444444445,0.7333333333333333,strongly_entangling,,2,20,22,8,30,10,10,4,14,12,0,12,24,25,500,500000
zz,xor,43,29,0.7114198944897682,0.75,0.75,strongly_entangling,,2,20,22,8,30,10,10,4,14,12,0,12,24,25,500,500000
zz,xor,43,30,0.7146531264236446,0.7277777777777777,0.6833333333333333,strongly_entangling,,2,20,22,8,30,10,10,4,14,12,0,12,24,25,500,500000
zz,xor,44,1,0.9347024385688093,0.6222222222222222,0.6,strongly_entangling,,2,20,22,8,30,10,10,4,14,12,0,12,24,25,500,500000
zz,xor,44,2,0.7853747346271073,0.6777777777777778,0.7333333333333333,strongly_entangling,,2,20,22,8,30,10,10,4,14,12,0,12,24,25,500,500000
zz,xor,44,3,0.7700442956406692,0.7111111111111111,0.5833333333333334,strongly_entangling,,2,20,22,8,30,10,10,4,14,12,0,12,24,25,500,500000
zz,xor,44,4,0.7473612600128373,0.7055555555555556,0.65,strongly_entangling,,2,20,22,8,30,10,10,4,14,12,0,12,24,25,500,500000
zz,xor,44,5,0.6836626240190006,0.7777777777777778,0.7166666666666667,strongly_entangling,,2,20,22,8,30,10,10,4,14,12,0,12,24,25,500,500000
zz,xor,44,6,0.6711226269421997,0.7666666666666667,0.7166666666666667,strongly_entangling,,2,20,22,8,30,10,10,4,14,12,0,12,24,25,500,500000
zz,xor,44,7,0.6701851230947116,0.7611111111111111,0.6666666666666666,strongly_entangling,,2,20,22,8,30,10,10,4,14,12,0,12,24,25,500,500000
zz,xor,44,8,0.6658432699553454,0.7777777777777778,0.6833333333333333,strongly_entangling,,2,20,22,8,30,10,10,4,14,12,0,12,24,25,500,500000
zz,xor,44,9,0.6766106363702558,0.7444444444444445,0.6666666666666666,strongly_entangling,,2,20,22,8,30,10,10,4,14,12,0,12,24,25,500,500000
zz,xor,44,10,0.672541447906047,0.7611111111111111,0.7,strongly_entangling,,2,20,22,8,30,10,10,4,14,12,0,12,24,25,500,500000
zz,xor,44,11,0.6666308219770389,0.7722222222222223,0.6666666666666666,strongly_entangling,,2,20,22,8,30,10,10,4,14,12,0,12,24,25,500,500000
zz,xor,44,12,0.6699593196388558,0.8,0.6833333333333333,strongly_entangling,,2,20,22,8,30,10,10,4,14,12,0,12,24,25,500,500000
zz,xor,44,13,0.6705026238012729,0.7777777777777778,0.65,strongly_entangling,,2,20,22,8,30,10,10,4,14,12,0,12,24,25,500,500000
zz,xor,44,14,0.6703293493664375,0.75,0.7166666666666667,strongly_entangling,,2,20,22,8,30,10,10,4,14,12,0,12,24,25,500,500000
zz,xor,44,15,0.6717923412816083,0.7444444444444445,0.6333333333333333,strongly_entangling,,2,20,22,8,30,10,10,4,14,12,0,12,24,25,500,500000
zz,xor,44,16,0.6710184599195104,0.7722222222222223,0.65,strongly_entangling,,2,20,22,8,30,10,10,4,14,12,0,12,24,25,500,500000
zz,xor,44,17,0.6678197405329811,0.7666666666666667,0.65,strongly_entangling,,2,20,22,8,30,10,10,4,14,12,0,12,24,25,500,500000
zz,xor,44,18,0.6694963872350042,0.7777777777777778,0.7,strongly_entangling,,2,20,22,8,30,10,10,4,14,12,0,12,24,25,500,500000
zz,xor,44,19,0.6665931530532938,0.7722222222222223,0.7,strongly_entangling,,2,20,22,8,30,10,10,4,14,12,0,12,24,25,500,500000
zz,xor,44,20,0.6689232458791806,0.7611111111111111,0.6833333333333333,strongly_entangling,,2,20,22,8,30,10,10,4,14,12,0,12,24,25,500,500000
zz,xor,44,21,0.6690192318013566,0.7611111111111111,0.6333333333333333,strongly_entangling,,2,20,22,8,30,10,10,4,14,12,0,12,24,25,500,500000
zz,xor,44,22,0.6683648356555612,0.7722222222222223,0.7,strongly_entangling,,2,20,22,8,30,10,10,4,14,12,0,12,24,25,500,500000
zz,xor,44,23,0.6667464465658745,0.7611111111111111,0.7,strongly_entangling,,2,20,22,8,30,10,10,4,14,12,0,12,24,25,500,500000
zz,xor,44,24,0.6729490584143321,0.7555555555555555,0.6666666666666666,strongly_entangling,,2,20,22,8,30,10,10,4,14,12,0,12,24,25,500,500000
zz,xor,44,25,0.6783891123532325,0.7777777777777778,0.7,strongly_entangling,,2,20,22,8,30,10,10,4,14,12,0,12,24,25,500,500000
zz,xor,44,26,0.6892775230793162,0.7333333333333333,0.6833333333333333,strongly_entangling,,2,20,22,8,30,10,10,4,14,12,0,12,24,25,500,500000
zz,xor,44,27,0.6872227353325668,0.7833333333333333,0.7,strongly_entangling,,2,20,22,8,30,10,10,4,14,12,0,12,24,25,500,500000
zz,xor,44,28,0.6692124494907874,0.7722222222222223,0.65,strongly_entangling,,2,20,22,8,30,10,10,4,14,12,0,12,24,25,500,500000
zz,xor,44,29,0.6710796370973857,0.7888888888888889,0.6833333333333333,strongly_entangling,,2,20,22,8,30,10,10,4,14,12,0,12,24,25,500,500000
zz,xor,44,30,0.6727159433009171,0.7555555555555555,0.65,strongly_entangling,,2,20,22,8,30,10,10,4,14,12,0,12,24,25,500,500000
zz,xor,45,1,0.7622219496307738,0.7277777777777777,0.6666666666666666,strongly_entangling,,2,20,22,8,30,10,10,4,14,12,0,12,24,25,500,500000
zz,xor,45,2,0.7241795255233923,0.7444444444444445,0.7333333333333333,strongly_entangling,,2,20,22,8,30,10,10,4,14,12,0,12,24,25,500,500000
zz,xor,45,3,0.7298729648678312,0.7222222222222222,0.6833333333333333,strongly_entangling,,2,20,22,8,30,10,10,4,14,12,0,12,24,25,500,500000
zz,xor,45,4,0.7262334603685872,0.7111111111111111,0.65,strongly_entangling,,2,20,22,8,30,10,10,4,14,12,0,12,24,25,500,500000
zz,xor,45,5,0.7025983004126567,0.7166666666666667,0.7166666666666667,strongly_entangling,,2,20,22,8,30,10,10,4,14,12,0,12,24,25,500,500000
zz,xor,45,6,0.7018576899141242,0.7388888888888889,0.7166666666666667,strongly_entangling,,2,20,22,8,30,10,10,4,14,12,0,12,24,25,500,500000
zz,xor,45,7,0.7151166143587515,0.7388888888888889,0.6666666666666666,strongly_entangling,,2,20,22,8,30,10,10,4,14,12,0,12,24,25,500,500000
zz,xor,45,8,0.6987939888172826,0.7333333333333333,0.6833333333333333,strongly_entangling,,2,20,22,8,30,10,10,4,14,12,0,12,24,25,500,500000
zz,xor,45,9,0.7005994888445612,0.7333333333333333,0.7166666666666667,strongly_entangling,,2,20,22,8,30,10,10,4,14,12,0,12,24,25,500,500000
zz,xor,45,10,0.700392867227322,0.7333333333333333,0.6666666666666666,strongly_entangling,,2,20,22,8,30,10,10,4,14,12,0,12,24,25,500,500000
zz,xor,45,11,0.7035590595299406,0.7277777777777777,0.7166666666666667,strongly_entangling,,2,20,22,8,30,10,10,4,14,12,0,12,24,25,500,500000
zz,xor,45,12,0.7008861993708747,0.7333333333333333,0.7,strongly_entangling,,2,20,22,8,30,10,10,4,14,12,0,12,24,25,500,500000
zz,xor,45,13,0.7015518611981861,0.7388888888888889,0.6666666666666666,strongly_entangling,,2,20,22,8,30,10,10,4,14,12,0,12,24,25,500,500000
zz,xor,45,14,0.6973862480989783,0.7444444444444445,0.7,strongly_entangling,,2,20,22,8,30,10,10,4,14,12,0,12,24,25,500,500000
zz,xor,45,15,0.6983275615808183,0.7277777777777777,0.6833333333333333,strongly_entangling,,2,20,22,8,30,10,10,4,14,12,0,12,24,25,500,500000
zz,xor,45,16,0.7001772362763232,0.7388888888888889,0.6666666666666666,strongly_entangling,,2,20,22,8,30,10,10,4,14,12,0,12,24,25,500,500000
zz,xor,45,17,0.700140538865017,0.7388888888888889,0.7333333333333333,strongly_entangling,,2,20,22,8,30,10,10,4,14,12,0,12,24,25,500,500000
zz,xor,45,18,0.7072554626395775,0.7277777777777777,0.6833333333333333,strongly_entangling,,2,20,22,8,30,10,10,4,14,12,0,12,24,25,500,500000
zz,xor,45,19,0.7035041054586257,0.7444444444444445,0.7166666666666667,strongly_entangling,,2,20,22,8,30,10,10,4,14,12,0,12,24,25,500,500000
zz,xor,45,20,0.7040860361569101,0.7388888888888889,0.6833333333333333,strongly_entangling,,2,20,22,8,30,10,10,4,14,12,0,12,24,25,500,500000
zz,xor,45,21,0.6990334370263493,0.7333333333333333,0.7166666666666667,strongly_entangling,,2,20,22,8,30,10,10,4,14,12,0,12,24,25,500,500000
zz,xor,45,22,0.6988409339332421,0.7611111111111111,0.7333333333333333,strongly_entangling,,2,20,22,8,30,10,10,4,14,12,0,12,24,25,500,500000
zz,xor,45,23,0.7060880384587576,0.7166666666666667,0.6666666666666666,strongly_entangling,,2,20,22,8,30,10,10,4,14,12,0,12,24,25,500,500000
zz,xor,45,24,0.7215454967941808,0.7333333333333333,0.75,strongly_entangling,,2,20,22,8,30,10,10,4,14,12,0,12,24,25,500,500000
zz,xor,45,25,0.714361103340033,0.7333333333333333,0.6666666666666666,strongly_entangling,,2,20,22,8,30,10,10,4,14,12,0,12,24,25,500,500000
zz,xor,45,26,0.7050134707496303,0.7444444444444445,0.6833333333333333,strongly_entangling,,2,20,22,8,30,10,10,4,14,12,0,12,24,25,500,500000
zz,xor,45,27,0.7162282517259718,0.7333333333333333,0.7166666666666667,strongly_entangling,,2,20,22,8,30,10,10,4,14,12,0,12,24,25,500,500000
zz,xor,45,28,0.705025997925317,0.7444444444444445,0.7,strongly_entangling,,2,20,22,8,30,10,10,4,14,12,0,12,24,25,500,500000
zz,xor,45,29,0.6987835627459241,0.7333333333333333,0.6833333333333333,strongly_entangling,,2,20,22,8,30,10,10,4,14,12,0,12,24,25,500,500000
zz,xor,45,30,0.6981269783010413,0.7166666666666667,0.7166666666666667,strongly_entangling,,2,20,22,8,30,10,10,4,14,12,0,12,24,25,500,500000
zz,xor,46,1,0.9448332693601549,0.6555555555555556,0.65,strongly_entangling,,2,20,22,8,30,10,10,4,14,12,0,12,24,25,500,500000
zz,xor,46,2,0.827978399321486,0.6555555555555556,0.75,strongly_entangling,,2,20,22,8,30,10,10,4,14,12,0,12,24,25,500,500000
zz,xor,46,3,0.7781281224138542,0.7,0.65,strongly_entangling,,2,20,22,8,30,10,10,4,14,12,0,12,24,25,500,500000
zz,xor,46,4,0.7883769914079769,0.6833333333333333,0.6833333333333333,strongly_entangling,,2,20,22,8,30,10,10,4,14,12,0,12,24,25,500,500000
zz,xor,46,5,0.7707005280419449,0.7,0.7,strongly_entangling,,2,20,22,8,30,10,10,4,14,12,0,12,24,25,500,500000
zz,xor,46,6,0.7659493158447601,0.7,0.7166666666666667,strongly_entangling,,2,20,22,8,30,10,10,4,14,12,0,12,24,25,500,500000
zz,xor,46,7,0.7701728988209703,0.7222222222222222,0.6666666666666666,strongly_entangling,,2,20,22,8,30,10,10,4,14,12,0,12,24,25,500,500000
zz,xor,46,8,0.7687914462601602,0.7166666666666667,0.6833333333333333,strongly_entangling,,2,20,22,8,30,10,10,4,14,12,0,12,24,25,500,500000
zz,xor,46,9,0.7632417516520852,0.7111111111111111,0.6833333333333333,strongly_entangling,,2,20,22,8,30,10,10,4,14,12,0,12,24,25,500,500000
zz,xor,46,10,0.7712045867446597,0.7055555555555556,0.65,strongly_entangling,,2,20,22,8,30,10,10,4,14,12,0,12,24,25,500,500000
zz,xor,46,11,0.7691300078775467,0.7166666666666667,0.7333333333333333,strongly_entangling,,2,20,22,8,30,10,10,4,14,12,0,12,24,25,500,500000
zz,xor,46,12,0.7656164328076902,0.7166666666666667,0.6833333333333333,strongly_entangling,,2,20,22,8,30,10,10,4,14,12,0,12,24,25,500,500000
zz,xor,46,13,0.7644337460951246,0.7111111111111111,0.6833333333333333,strongly_entangling,,2,20,22,8,30,10,10,4,14,12,0,12,24,25,500,500000
zz,xor,46,14,0.7658999139362096,0.7222222222222222,0.6833333333333333,strongly_entangling,,2,20,22,8,30,10,10,4,14,12,0,12,24,25,500,500000
zz,xor,46,15,0.7670224673580479,0.7055555555555556,0.6833333333333333,strongly_entangling,,2,20,22,8,30,10,10,4,14,12,0,12,24,25,500,500000
zz,xor,46,16,0.7631956216397467,0.7111111111111111,0.7,strongly_entangling,,2,20,22,8,30,10,10,4,14,12,0,12,24,25,500,500000
zz,xor,46,17,0.7663753359457957,0.7111111111111111,0.7166666666666667,strongly_entangling,,2,20,22,8,30,10,10,4,14,12,0,12,24,25,500,500000
zz,xor,46,18,0.7636344742456789,0.7055555555555556,0.7,strongly_entangling,,2,20,22,8,30,10,10,4,14,12,0,12,24,25,500,500000
zz,xor,46,19,0.7661135139060194,0.7111111111111111,0.6833333333333333,strongly_entangling,,2,20,22,8,30,10,10,4,14,12,0,12,24,25,500,500000
zz,xor,46,20,0.7633901606667605,0.7166666666666667,0.7,strongly_entangling,,2,20,22,8,30,10,10,4,14,12,0,12,24,25,500,500000
zz,xor,46,21,0.7671625626226957,0.7111111111111111,0.6833333333333333,strongly_entangling,,2,20,22,8,30,10,10,4,14,12,0,12,24,25,500,500000
zz,xor,46,22,0.7742169866793157,0.7111111111111111,0.7,strongly_entangling,,2,20,22,8,30,10,10,4,14,12,0,12,24,25,500,500000
zz,xor,46,23,0.7708703610202898,0.6888888888888889,0.6666666666666666,strongly_entangling,,2,20,22,8,30,10,10,4,14,12,0,12,24,25,500,500000
zz,xor,46,24,0.7692300053076824,0.7222222222222222,0.6666666666666666,strongly_entangling,,2,20,22,8,30,10,10,4,14,12,0,12,24,25,500,500000
zz,xor,46,25,0.768909524662638,0.7166666666666667,0.6666666666666666,strongly_entangling,,2,20,22,8,30,10,10,4,14,12,0,12,24,25,500,500000
zz,xor,46,26,0.773086215945878,0.7055555555555556,0.6833333333333333,strongly_entangling,,2,20,22,8,30,10,10,4,14,12,0,12,24,25,500,500000
zz,xor,46,27,0.7657695781553672,0.7111111111111111,0.6666666666666666,strongly_entangling,,2,20,22,8,30,10,10,4,14,12,0,12,24,25,500,500000
zz,xor,46,28,0.7640727321244936,0.7111111111111111,0.6666666666666666,strongly_entangling,,2,20,22,8,30,10,10,4,14,12,0,12,24,25,500,500000
zz,xor,46,29,0.7772077726768123,0.7055555555555556,0.7166666666666667,strongly_entangling,,2,20,22,8,30,10,10,4,14,12,0,12,24,25,500,500000
zz,xor,46,30,0.7673365380276157,0.7055555555555556,0.65,strongly_entangling,,2,20,22,8,30,10,10,4,14,12,0,12,24,25,500,500000
zz,moons,42,1,0.8043728423443963,0.6722222222222223,0.55,strongly_entangling,,2,20,22,8,30,10,10,4,14,12,0,12,24,25,500,500000
zz,moons,42,2,0.6676960207416036,0.7722222222222223,0.6833333333333333,strongly_entangling,,2,20,22,8,30,10,10,4,14,12,0,12,24,25,500,500000
zz,moons,42,3,0.6562398148765184,0.7777777777777778,0.6666666666666666,strongly_entangling,,2,20,22,8,30,10,10,4,14,12,0,12,24,25,500,500000
zz,moons,42,4,0.6553687783501646,0.7833333333333333,0.7166666666666667,strongly_entangling,,2,20,22,8,30,10,10,4,14,12,0,12,24,25,500,500000
zz,moons,42,5,0.6546527971822051,0.7833333333333333,0.7,strongly_entangling,,2,20,22,8,30,10,10,4,14,12,0,12,24,25,500,500000
zz,moons,42,6,0.6519914224612106,0.8111111111111111,0.7166666666666667,strongly_entangling,,2,20,22,8,30,10,10,4,14,12,0,12,24,25,500,500000
zz,moons,42,7,0.6468675703609441,0.8,0.7,strongly_entangling,,2,20,22,8,30,10,10,4,14,12,0,12,24,25,500,500000
zz,moons,42,8,0.6499457745271543,0.7666666666666667,0.65,strongly_entangling,,2,20,22,8,30,10,10,4,14,12,0,12,24,25,500,500000
zz,moons,42,9,0.6520390341682156,0.8,0.7,strongly_entangling,,2,20,22,8,30,10,10,4,14,12,0,12,24,25,500,500000
zz,moons,42,10,0.6467954196804288,0.8,0.7,strongly_entangling,,2,20,22,8,30,10,10,4,14,12,0,12,24,25,500,500000
zz,moons,42,11,0.650179721659549,0.7666666666666667,0.6666666666666666,strongly_entangling,,2,20,22,8,30,10,10,4,14,12,0,12,24,25,500,500000
zz,moons,42,12,0.6545205202042903,0.8,0.65,strongly_entangling,,2,20,22,8,30,10,10,4,14,12,0,12,24,25,500,500000
zz,moons,42,13,0.6485166396112304,0.7888888888888889,0.6666666666666666,strongly_entangling,,2,20,22,8,30,10,10,4,14,12,0,12,24,25,500,500000
zz,moons,42,14,0.6544490093669308,0.7777777777777778,0.7166666666666667,strongly_entangling,,2,20,22,8,30,10,10,4,14,12,0,12,24,25,500,500000
zz,moons,42,15,0.6569518715726801,0.7777777777777778,0.6666666666666666,strongly_entangling,,2,20,22,8,30,10,10,4,14,12,0,12,24,25,500,500000
zz,moons,42,16,0.6588973346721329,0.7611111111111111,0.6666666666666666,strongly_entangling,,2,20,22,8,30,10,10,4,14,12,0,12,24,25,500,500000
zz,moons,42,17,0.6621391590575618,0.7944444444444444,0.7333333333333333,strongly_entangling,,2,20,22,8,30,10,10,4,14,12,0,12,24,25,500,500000
zz,moons,42,18,0.6521100431857236,0.7555555555555555,0.6833333333333333,strongly_entangling,,2,20,22,8,30,10,10,4,14,12,0,12,24,25,500,500000
zz,moons,42,19,0.6503337372544815,0.7888888888888889,0.65,strongly_entangling,,2,20,22,8,30,10,10,4,14,12,0,12,24,25,500,500000
zz,moons,42,20,0.6543099999939601,0.8,0.7166666666666667,strongly_entangling,,2,20,22,8,30,10,10,4,14,12,0,12,24,25,500,500000
zz,moons,42,21,0.6487352958854796,0.7777777777777778,0.7,strongly_entangling,,2,20,22,8,30,10,10,4,14,12,0,12,24,25,500,500000
zz,moons,42,22,0.668548118744925,0.7333333333333333,0.65,strongly_entangling,,2,20,22,8,30,10,10,4,14,12,0,12,24,25,500,500000
zz,moons,42,23,0.6659446464114945,0.8,0.7,strongly_entangling,,2,20,22,8,30,10,10,4,14,12,0,12,24,25,500,500000
zz,moons,42,24,0.6510879103004775,0.7777777777777778,0.6666666666666666,strongly_entangling,,2,20,22,8,30,10,10,4,14,12,0,12,24,25,500,500000
zz,moons,42,25,0.6494630160828821,0.7833333333333333,0.6833333333333333,strongly_entangling,,2,20,22,8,30,10,10,4,14,12,0,12,24,25,500,500000
zz,moons,42,26,0.6532975901497734,0.8111111111111111,0.6833333333333333,strongly_entangling,,2,20,22,8,30,10,10,4,14,12,0,12,24,25,500,500000
zz,moons,42,27,0.6609879219922061,0.7444444444444445,0.7,strongly_entangling,,2,20,22,8,30,10,10,4,14,12,0,12,24,25,500,500000
zz,moons,42,28,0.6458134688125499,0.8,0.7,strongly_entangling,,2,20,22,8,30,10,10,4,14,12,0,12,24,25,500,500000
zz,moons,42,29,0.6467997871132054,0.7944444444444444,0.6833333333333333,strongly_entangling,,2,20,22,8,30,10,10,4,14,12,0,12,24,25,500,500000
zz,moons,42,30,0.6458347908328707,0.7944444444444444,0.7,strongly_entangling,,2,20,22,8,30,10,10,4,14,12,0,12,24,25,500,500000
zz,moons,43,1,0.8216047330156475,0.6611111111111111,0.8,strongly_entangling,,2,20,22,8,30,10,10,4,14,12,0,12,24,25,500,500000
zz,moons,43,2,0.705379139341807,0.7333333333333333,0.7666666666666667,strongly_entangling,,2,20,22,8,30,10,10,4,14,12,0,12,24,25,500,500000
zz,moons,43,3,0.7000326591616914,0.7833333333333333,0.8,strongly_entangling,,2,20,22,8,30,10,10,4,14,12,0,12,24,25,500,500000
zz,moons,43,4,0.6750144173040002,0.7611111111111111,0.8666666666666667,strongly_entangling,,2,20,22,8,30,10,10,4,14,12,0,12,24,25,500,500000
zz,moons,43,5,0.6763093894252346,0.7444444444444445,0.85,strongly_entangling,,2,20,22,8,30,10,10,4,14,12,0,12,24,25,500,500000
zz,moons,43,6,0.6694304418647693,0.7833333333333333,0.8666666666666667,strongly_entangling,,2,20,22,8,30,10,10,4,14,12,0,12,24,25,500,500000
zz,moons,43,7,0.6649834594848351,0.7666666666666667,0.8333333333333334,strongly_entangling,,2,20,22,8,30,10,10,4,14,12,0,12,24,25,500,500000
zz,moons,43,8,0.668761790142268,0.7611111111111111,0.8666666666666667,strongly_entangling,,2,20,22,8,30,10,10,4,14,12,0,12,24,25,500,500000
zz,moons,43,9,0.6643570206827856,0.7777777777777778,0.8166666666666667,strongly_entangling,,2,20,22,8,30,10,10,4,14,12,0,12,24,25,500,500000
zz,moons,43,10,0.6605006245178295,0.7888888888888889,0.85,strongly_entangling,,2,20,22,8,30,10,10,4,14,12,0,12,24,25,500,500000
zz,moons,43,11,0.6638520871948539,0.7666666666666667,0.8166666666666667,strongly_entangling,,2,20,22,8,30,10,10,4,14,12,0,12,24,25,500,500000
zz,moons,43,12,0.6693392839012944,0.7611111111111111,0.85,strongly_entangling,,2,20,22,8,30,10,10,4,14,12,0,12,24,25,500,500000
zz,moons,43,13,0.6794868331861683,0.7444444444444445,0.8,strongly_entangling,,2,20,22,8,30,10,10,4,14,12,0,12,24,25,500,500000
zz,moons,43,14,0.6762592735434517,0.7666666666666667,0.8666666666666667,strongly_entangling,,2,20,22,8,30,10,10,4,14,12,0,12,24,25,500,500000
zz,moons,43,15,0.6718324089531484,0.7555555555555555,0.7833333333333333,strongly_entangling,,2,20,22,8,30,10,10,4,14,12,0,12,24,25,500,500000
zz,moons,43,16,0.6607241815488775,0.7777777777777778,0.85,strongly_entangling,,2,20,22,8,30,10,10,4,14,12,0,12,24,25,500,500000
zz,moons,43,17,0.6644347402386178,0.7722222222222223,0.8333333333333334,strongly_entangling,,2,20,22,8,30,10,10,4,14,12,0,12,24,25,500,500000
zz,moons,43,18,0.6610059747023025,0.7777777777777778,0.85,strongly_entangling,,2,20,22,8,30,10,10,4,14,12,0,12,24,25,500,500000
zz,moons,43,19,0.661308304138259,0.7722222222222223,0.8333333333333334,strongly_entangling,,2,20,22,8,30,10,10,4,14,12,0,12,24,25,500,500000
zz,moons,43,20,0.6633818730477177,0.7888888888888889,0.8666666666666667,strongly_entangling,,2,20,22,8,30,10,10,4,14,12,0,12,24,25,500,500000
zz,moons,43,21,0.6625727749108102,0.7722222222222223,0.8166666666666667,strongly_entangling,,2,20,22,8,30,10,10,4,14,12,0,12,24,25,500,500000
zz,moons,43,22,0.660779340670447,0.7888888888888889,0.8333333333333334,strongly_entangling,,2,20,22,8,30,10,10,4,14,12,0,12,24,25,500,500000
zz,moons,43,23,0.6620628737298688,0.7777777777777778,0.85,strongly_entangling,,2,20,22,8,30,10,10,4,14,12,0,12,24,25,500,500000
zz,moons,43,24,0.6773422543170536,0.7666666666666667,0.7833333333333333,strongly_entangling,,2,20,22,8,30,10,10,4,14,12,0,12,24,25,500,500000
zz,moons,43,25,0.6811121441072873,0.7666666666666667,0.8833333333333333,strongly_entangling,,2,20,22,8,30,10,10,4,14,12,0,12,24,25,500,500000
zz,moons,43,26,0.6615872203367883,0.7777777777777778,0.8333333333333334,strongly_entangling,,2,20,22,8,30,10,10,4,14,12,0,12,24,25,500,500000
zz,moons,43,27,0.6681627863861029,0.7611111111111111,0.8,strongly_entangling,,2,20,22,8,30,10,10,4,14,12,0,12,24,25,500,500000
zz,moons,43,28,0.6622079644583582,0.7722222222222223,0.85,strongly_entangling,,2,20,22,8,30,10,10,4,14,12,0,12,24,25,500,500000
zz,moons,43,29,0.6628124789189774,0.7611111111111111,0.8166666666666667,strongly_entangling,,2,20,22,8,30,10,10,4,14,12,0,12,24,25,500,500000
zz,moons,43,30,0.663127018772437,0.7722222222222223,0.85,strongly_entangling,,2,20,22,8,30,10,10,4,14,12,0,12,24,25,500,500000
zz,moons,44,1,0.7734227322802891,0.6833333333333333,0.7,strongly_entangling,,2,20,22,8,30,10,10,4,14,12,0,12,24,25,500,500000
zz,moons,44,2,0.6870526384090601,0.6944444444444444,0.7166666666666667,strongly_entangling,,2,20,22,8,30,10,10,4,14,12,0,12,24,25,500,500000
zz,moons,44,3,0.7057754564485281,0.7166666666666667,0.7333333333333333,strongly_entangling,,2,20,22,8,30,10,10,4,14,12,0,12,24,25,500,500000
zz,moons,44,4,0.7046697464333115,0.7,0.7166666666666667,strongly_entangling,,2,20,22,8,30,10,10,4,14,12,0,12,24,25,500,500000
zz,moons,44,5,0.694694412370916,0.7222222222222222,0.7166666666666667,strongly_entangling,,2,20,22,8,30,10,10,4,14,12,0,12,24,25,500,500000
zz,moons,44,6,0.6872316508749136,0.7055555555555556,0.7,strongly_entangling,,2,20,22,8,30,10,10,4,14,12,0,12,24,25,500,500000
zz,moons,44,7,0.6928373640451125,0.7111111111111111,0.7333333333333333,strongly_entangling,,2,20,22,8,30,10,10,4,14,12,0,12,24,25,500,500000
zz,moons,44,8,0.6886875005304618,0.6944444444444444,0.7166666666666667,strongly_entangling,,2,20,22,8,30,10,10,4,14,12,0,12,24,25,500,500000
zz,moons,44,9,0.6919609143016116,0.7,0.7,strongly_entangling,,2,20,22,8,30,10,10,4,14,12,0,12,24,25,500,500000
zz,moons,44,10,0.6888598330118845,0.6944444444444444,0.7166666666666667,strongly_entangling,,2,20,22,8,30,10,10,4,14,12,0,12,24,25,500,500000
zz,moons,44,11,0.6904892418364683,0.7,0.7,strongly_entangling,,2,20,22,8,30,10,10,4,14,12,0,12,24,25,500,500000
zz,moons,44,12,0.6878743265957056,0.7222222222222222,0.7166666666666667,strongly_entangling,,2,20,22,8,30,10,10,4,14,12,0,12,24,25,500,500000
zz,moons,44,13,0.6855322038080203,0.7055555555555556,0.7333333333333333,strongly_entangling,,2,20,22,8,30,10,10,4,14,12,0,12,24,25,500,500000
zz,moons,44,14,0.6888814957252123,0.7055555555555556,0.7,strongly_entangling,,2,20,22,8,30,10,10,4,14,12,0,12,24,25,500,500000
zz,moons,44,15,0.6916385027349204,0.7166666666666667,0.7166666666666667,strongly_entangling,,2,20,22,8,30,10,10,4,14,12,0,12,24,25,500,500000
zz,moons,44,16,0.6865890301361011,0.7055555555555556,0.7333333333333333,strongly_entangling,,2,20,22,8,30,10,10,4,14,12,0,12,24,25,500,500000
zz,moons,44,17,0.6949524168645009,0.6944444444444444,0.7,strongly_entangling,,2,20,22,8,30,10,10,4,14,12,0,12,24,25,500,500000
zz,moons,44,18,0.6867849598033372,0.7055555555555556,0.7,strongly_entangling,,2,20,22,8,30,10,10,4,14,12,0,12,24,25,500,500000
zz,moons,44,19,0.6901742012898938,0.6888888888888889,0.7333333333333333,strongly_entangling,,2,20,22,8,30,10,10,4,14,12,0,12,24,25,500,500000
zz,moons,44,20,0.6871811466624139,0.7111111111111111,0.6833333333333333,strongly_entangling,,2,20,22,8,30,10,10,4,14,12,0,12,24,25,500,500000
zz,moons,44,21,0.6859752622297939,0.7055555555555556,0.7,strongly_entangling,,2,20,22,8,30,10,10,4,14,12,0,12,24,25,500,500000
zz,moons,44,22,0.6872338601541526,0.6944444444444444,0.7333333333333333,strongly_entangling,,2,20,22,8,30,10,10,4,14,12,0,12,24,25,500,500000
zz,moons,44,23,0.6890641171274924,0.6888888888888889,0.7666666666666667,strongly_entangling,,2,20,22,8,30,10,10,4,14,12,0,12,24,25,500,500000
zz,moons,44,24,0.6926211298591085,0.7111111111111111,0.7333333333333333,strongly_entangling,,2,20,22,8,30,10,10,4,14,12,0,12,24,25,500,500000
zz,moons,44,25,0.6900137834739963,0.6944444444444444,0.7333333333333333,strongly_entangling,,2,20,22,8,30,10,10,4,14,12,0,12,24,25,500,500000
zz,moons,44,26,0.6859758820868347,0.7111111111111111,0.7166666666666667,strongly_entangling,,2,20,22,8,30,10,10,4,14,12,0,12,24,25,500,500000
zz,moons,44,27,0.6877507796913084,0.7166666666666667,0.7,strongly_entangling,,2,20,22,8,30,10,10,4,14,12,0,12,24,25,500,500000
zz,moons,44,28,0.6867276343546673,0.7055555555555556,0.7166666666666667,strongly_entangling,,2,20,22,8,30,10,10,4,14,12,0,12,24,25,500,500000
zz,moons,44,29,0.6922408498056538,0.7,0.7166666666666667,strongly_entangling,,2,20,22,8,30,10,10,4,14,12,0,12,24,25,500,500000
zz,moons,44,30,0.6889546552591252,0.7111111111111111,0.7333333333333333,strongly_entangling,,2,20,22,8,30,10,10,4,14,12,0,12,24,25,500,500000
zz,moons,45,1,0.9056274909535134,0.6777777777777778,0.65,strongly_entangling,,2,20,22,8,30,10,10,4,14,12,0,12,24,25,500,500000
zz,moons,45,2,0.7147102375267527,0.7555555555555555,0.5833333333333334,strongly_entangling,,2,20,22,8,30,10,10,4,14,12,0,12,24,25,500,500000
zz,moons,45,3,0.6595661408827054,0.75,0.6333333333333333,strongly_entangling,,2,20,22,8,30,10,10,4,14,12,0,12,24,25,500,500000
zz,moons,45,4,0.669882310305794,0.7444444444444445,0.6833333333333333,strongly_entangling,,2,20,22,8,30,10,10,4,14,12,0,12,24,25,500,500000
zz,moons,45,5,0.6611470560790563,0.7722222222222223,0.7,strongly_entangling,,2,20,22,8,30,10,10,4,14,12,0,12,24,25,500,500000
zz,moons,45,6,0.6544210182662827,0.7722222222222223,0.6833333333333333,strongly_entangling,,2,20,22,8,30,10,10,4,14,12,0,12,24,25,500,500000
zz,moons,45,7,0.6609180898136189,0.7722222222222223,0.6833333333333333,strongly_entangling,,2,20,22,8,30,10,10,4,14,12,0,12,24,25,500,500000
zz,moons,45,8,0.6554082080554315,0.7666666666666667,0.6666666666666666,strongly_entangling,,2,20,22,8,30,10,10,4,14,12,0,12,24,25,500,500000
zz,moons,45,9,0.6543625080374832,0.7722222222222223,0.6333333333333333,strongly_entangling,,2,20,22,8,30,10,10,4,14,12,0,12,24,25,500,500000
zz,moons,45,10,0.6532744621513049,0.7666666666666667,0.65,strongly_entangling,,2,20,22,8,30,10,10,4,14,12,0,12,24,25,500,500000
zz,moons,45,11,0.6530560385377177,0.7666666666666667,0.6666666666666666,strongly_entangling,,2,20,22,8,30,10,10,4,14,12,0,12,24,25,500,500000
zz,moons,45,12,0.6576362116022134,0.7722222222222223,0.6666666666666666,strongly_entangling,,2,20,22,8,30,10,10,4,14,12,0,12,24,25,500,500000
zz,moons,45,13,0.6537130094870892,0.7777777777777778,0.6,strongly_entangling,,2,20,22,8,30,10,10,4,14,12,0,12,24,25,500,500000
zz,moons,45,14,0.6538886525493928,0.7777777777777778,0.6833333333333333,strongly_entangling,,2,20,22,8,30,10,10,4,14,12,0,12,24,25,500,500000
zz,moons,45,15,0.6519266831940623,0.7722222222222223,0.65,strongly_entangling,,2,20,22,8,30,10,10,4,14,12,0,12,24,25,500,500000
zz,moons,45,16,0.6504358614680478,0.7722222222222223,0.65,strongly_entangling,,2,20,22,8,30,10,10,4,14,12,0,12,24,25,500,500000
zz,moons,45,17,0.6559828916603156,0.7944444444444444,0.6333333333333333,strongly_entangling,,2,20,22,8,30,10,10,4,14,12,0,12,24,25,500,500000
zz,moons,45,18,0.6686889812146131,0.7555555555555555,0.6833333333333333,strongly_entangling,,2,20,22,8,30,10,10,4,14,12,0,12,24,25,500,500000
zz,moons,45,19,0.6702015571709984,0.7833333333333333,0.6333333333333333,strongly_entangling,,2,20,22,8,30,10,10,4,14,12,0,12,24,25,500,500000
zz,moons,45,20,0.6546754947155967,0.7666666666666667,0.6666666666666666,strongly_entangling,,2,20,22,8,30,10,10,4,14,12,0,12,24,25,500,500000
zz,moons,45,21,0.6497711379302236,0.7722222222222223,0.6666666666666666,strongly_entangling,,2,20,22,8,30,10,10,4,14,12,0,12,24,25,500,500000
zz,moons,45,22,0.6513739326123844,0.7722222222222223,0.6833333333333333,strongly_entangling,,2,20,22,8,30,10,10,4,14,12,0,12,24,25,500,500000
zz,moons,45,23,0.6519173975452229,0.7722222222222223,0.6833333333333333,strongly_entangling,,2,20,22,8,30,10,10,4,14,12,0,12,24,25,500,500000
zz,moons,45,24,0.6602439939923349,0.7833333333333333,0.6333333333333333,strongly_entangling,,2,20,22,8,30,10,10,4,14,12,0,12,24,25,500,500000
zz,moons,45,25,0.6616666131850188,0.7555555555555555,0.6833333333333333,strongly_entangling,,2,20,22,8,30,10,10,4,14,12,0,12,24,25,500,500000
zz,moons,45,26,0.6586602162207557,0.7888888888888889,0.65,strongly_entangling,,2,20,22,8,30,10,10,4,14,12,0,12,24,25,500,500000
zz,moons,45,27,0.6513451575283598,0.7722222222222223,0.6833333333333333,strongly_entangling,,2,20,22,8,30,10,10,4,14,12,0,12,24,25,500,500000
zz,moons,45,28,0.6506278875487296,0.7722222222222223,0.6333333333333333,strongly_entangling,,2,20,22,8,30,10,10,4,14,12,0,12,24,25,500,500000
zz,moons,45,29,0.6605604276967628,0.7944444444444444,0.6166666666666667,strongly_entangling,,2,20,22,8,30,10,10,4,14,12,0,12,24,25,500,500000
zz,moons,45,30,0.6566258652625412,0.7555555555555555,0.6833333333333333,strongly_entangling,,2,20,22,8,30,10,10,4,14,12,0,12,24,25,500,500000
zz,moons,46,1,0.7148441975986106,0.7277777777777777,0.6333333333333333,strongly_entangling,,2,20,22,8,30,10,10,4,14,12,0,12,24,25,500,500000
zz,moons,46,2,0.6793496176248885,0.7388888888888889,0.7833333333333333,strongly_entangling,,2,20,22,8,30,10,10,4,14,12,0,12,24,25,500,500000
zz,moons,46,3,0.6594982906775247,0.7666666666666667,0.7833333333333333,strongly_entangling,,2,20,22,8,30,10,10,4,14,12,0,12,24,25,500,500000
zz,moons,46,4,0.6519608668812896,0.7833333333333333,0.7666666666666667,strongly_entangling,,2,20,22,8,30,10,10,4,14,12,0,12,24,25,500,500000
zz,moons,46,5,0.6576793822409163,0.7388888888888889,0.75,strongly_entangling,,2,20,22,8,30,10,10,4,14,12,0,12,24,25,500,500000
zz,moons,46,6,0.6466551949377035,0.7166666666666667,0.6666666666666666,strongly_entangling,,2,20,22,8,30,10,10,4,14,12,0,12,24,25,500,500000
zz,moons,46,7,0.6407585046011612,0.7777777777777778,0.8,strongly_entangling,,2,20,22,8,30,10,10,4,14,12,0,12,24,25,500,500000
zz,moons,46,8,0.6401006689525096,0.7777777777777778,0.8,strongly_entangling,,2,20,22,8,30,10,10,4,14,12,0,12,24,25,500,500000
zz,moons,46,9,0.6377446320735622,0.7888888888888889,0.75,strongly_entangling,,2,20,22,8,30,10,10,4,14,12,0,12,24,25,500,500000
zz,moons,46,10,0.6360002518064263,0.7722222222222223,0.7666666666666667,strongly_entangling,,2,20,22,8,30,10,10,4,14,12,0,12,24,25,500,500000
zz,moons,46,11,0.6404084118958391,0.7888888888888889,0.8333333333333334,strongly_entangling,,2,20,22,8,30,10,10,4,14,12,0,12,24,25,500,500000
zz,moons,46,12,0.6395965130944853,0.7722222222222223,0.7833333333333333,strongly_entangling,,2,20,22,8,30,10,10,4,14,12,0,12,24,25,500,500000
zz,moons,46,13,0.640089970233867,0.7333333333333333,0.6833333333333333,strongly_entangling,,2,20,22,8,30,10,10,4,14,12,0,12,24,25,500,500000
zz,moons,46,14,0.6359140764193697,0.7888888888888889,0.7833333333333333,strongly_entangling,,2,20,22,8,30,10,10,4,14,12,0,12,24,25,500,500000
zz,moons,46,15,0.6371432971872228,0.7777777777777778,0.8,strongly_entangling,,2,20,22,8,30,10,10,4,14,12,0,12,24,25,500,500000
zz,moons,46,16,0.6446078632451153,0.7666666666666667,0.7333333333333333,strongly_entangling,,2,20,22,8,30,10,10,4,14,12,0,12,24,25,500,500000
zz,moons,46,17,0.6355661686763949,0.7666666666666667,0.75,strongly_entangling,,2,20,22,8,30,10,10,4,14,12,0,12,24,25,500,500000
zz,moons,46,18,0.6352978215195688,0.7833333333333333,0.8166666666666667,strongly_entangling,,2,20,22,8,30,10,10,4,14,12,0,12,24,25,500,500000
zz,moons,46,19,0.637533271766698,0.7833333333333333,0.7666666666666667,strongly_entangling,,2,20,22,8,30,10,10,4,14,12,0,12,24,25,500,500000
zz,moons,46,20,0.6358585617912019,0.7722222222222223,0.7833333333333333,strongly_entangling,,2,20,22,8,30,10,10,4,14,12,0,12,24,25,500,500000
zz,moons,46,21,0.6370664996409781,0.75,0.7166666666666667,strongly_entangling,,2,20,22,8,30,10,10,4,14,12,0,12,24,25,500,500000
zz,moons,46,22,0.6393438139839677,0.7722222222222223,0.8,strongly_entangling,,2,20,22,8,30,10,10,4,14,12,0,12,24,25,500,500000
zz,moons,46,23,0.637799291236729,0.7666666666666667,0.7833333333333333,strongly_entangling,,2,20,22,8,30,10,10,4,14,12,0,12,24,25,500,500000
zz,moons,46,24,0.6354791909399952,0.7666666666666667,0.8166666666666667,strongly_entangling,,2,20,22,8,30,10,10,4,14,12,0,12,24,25,500,500000
zz,moons,46,25,0.6365668343000828,0.7666666666666667,0.7166666666666667,strongly_entangling,,2,20,22,8,30,10,10,4,14,12,0,12,24,25,500,500000
zz,moons,46,26,0.6343559856652379,0.7666666666666667,0.8333333333333334,strongly_entangling,,2,20,22,8,30,10,10,4,14,12,0,12,24,25,500,500000
zz,moons,46,27,0.6353403745708542,0.7722222222222223,0.8,strongly_entangling,,2,20,22,8,30,10,10,4,14,12,0,12,24,25,500,500000
zz,moons,46,28,0.6363229615889872,0.7555555555555555,0.8,strongly_entangling,,2,20,22,8,30,10,10,4,14,12,0,12,24,25,500,500000
zz,moons,46,29,0.6376174550332568,0.7666666666666667,0.7833333333333333,strongly_entangling,,2,20,22,8,30,10,10,4,14,12,0,12,24,25,500,500000
zz,moons,46,30,0.6430100812681665,0.7611111111111111,0.7666666666666667,strongly_entangling,,2,20,22,8,30,10,10,4,14,12,0,12,24,25,500,500000
zz,circles,42,1,0.4302785884783726,0.9,0.7,strongly_entangling,,2,20,22,8,30,10,10,4,14,12,0,12,24,25,500,500000
zz,circles,42,2,0.4255245486514162,0.8944444444444445,0.7666666666666667,strongly_entangling,,2,20,22,8,30,10,10,4,14,12,0,12,24,25,500,500000
zz,circles,42,3,0.4267104241689037,0.9166666666666666,0.8,strongly_entangling,,2,20,22,8,30,10,10,4,14,12,0,12,24,25,500,500000
zz,circles,42,4,0.4237055717654483,0.8888888888888888,0.7833333333333333,strongly_entangling,,2,20,22,8,30,10,10,4,14,12,0,12,24,25,500,500000
zz,circles,42,5,0.42234172123409497,0.9,0.7666666666666667,strongly_entangling,,2,20,22,8,30,10,10,4,14,12,0,12,24,25,500,500000
zz,circles,42,6,0.42148052776834644,0.9222222222222223,0.8,strongly_entangling,,2,20,22,8,30,10,10,4,14,12,0,12,24,25,500,500000
zz,circles,42,7,0.4229179089641344,0.9333333333333333,0.75,strongly_entangling,,2,20,22,8,30,10,10,4,14,12,0,12,24,25,500,500000
zz,circles,42,8,0.4206320802402375,0.9055555555555556,0.7666666666666667,strongly_entangling,,2,20,22,8,30,10,10,4,14,12,0,12,24,25,500,500000
zz,circles,42,9,0.4195726743662285,0.9166666666666666,0.7833333333333333,strongly_entangling,,2,20,22,8,30,10,10,4,14,12,0,12,24,25,500,500000
zz,circles,42,10,0.42434803614784455,0.9166666666666666,0.8166666666666667,strongly_entangling,,2,20,22,8,30,10,10,4,14,12,0,12,24,25,500,500000
zz,circles,42,11,0.42739315637332614,0.9222222222222223,0.7666666666666667,strongly_entangling,,2,20,22,8,30,10,10,4,14,12,0,12,24,25,500,500000
zz,circles,42,12,0.42354065966014376,0.9166666666666666,0.8166666666666667,strongly_entangling,,2,20,22,8,30,10,10,4,14,12,0,12,24,25,500,500000
zz,circles,42,13,0.42537896175073814,0.9,0.7666666666666667,strongly_entangling,,2,20,22,8,30,10,10,4,14,12,0,12,24,25,500,500000
zz,circles,42,14,0.4293267043725657,0.9277777777777778,0.7833333333333333,strongly_entangling,,2,20,22,8,30,10,10,4,14,12,0,12,24,25,500,500000
zz,circles,42,15,0.4249533160382136,0.9055555555555556,0.7833333333333333,strongly_entangling,,2,20,22,8,30,10,10,4,14,12,0,12,24,25,500,500000
zz,circles,42,16,0.4242930034475154,0.9222222222222223,0.7333333333333333,strongly_entangling,,2,20,22,8,30,10,10,4,14,12,0,12,24,25,500,500000
zz,circles,42,17,0.430351965207285,0.8944444444444445,0.7833333333333333,strongly_entangling,,2,20,22,8,30,10,10,4,14,12,0,12,24,25,500,500000
zz,circles,42,18,0.42465884784247787,0.9388888888888889,0.75,strongly_entangling,,2,20,22,8,30,10,10,4,14,12,0,12,24,25,500,500000
zz,circles,42,19,0.42212186047872724,0.9333333333333333,0.7666666666666667,strongly_entangling,,2,20,22,8,30,10,10,4,14,12,0,12,24,25,500,500000
zz,circles,42,20,0.4271387230760425,0.8944444444444445,0.7833333333333333,strongly_entangling,,2,20,22,8,30,10,10,4,14,12,0,12,24,25,500,500000
zz,circles,42,21,0.420378663787042,0.9277777777777778,0.7666666666666667,strongly_entangling,,2,20,22,8,30,10,10,4,14,12,0,12,24,25,500,500000
zz,circles,42,22,0.4242141596792853,0.9333333333333333,0.7666666666666667,strongly_entangling,,2,20,22,8,30,10,10,4,14,12,0,12,24,25,500,500000
zz,circles,42,23,0.42119093106937194,0.9166666666666666,0.7833333333333333,strongly_entangling,,2,20,22,8,30,10,10,4,14,12,0,12,24,25,500,500000
zz,circles,42,24,0.42036986285127964,0.9055555555555556,0.7666666666666667,strongly_entangling,,2,20,22,8,30,10,10,4,14,12,0,12,24,25,500,500000
zz,circles,42,25,0.42513934911954165,0.8944444444444445,0.7666666666666667,strongly_entangling,,2,20,22,8,30,10,10,4,14,12,0,12,24,25,500,500000
zz,circles,42,26,0.4200794039937609,0.9222222222222223,0.7833333333333333,strongly_entangling,,2,20,22,8,30,10,10,4,14,12,0,12,24,25,500,500000
zz,circles,42,27,0.4226639494516991,0.9333333333333333,0.7666666666666667,strongly_entangling,,2,20,22,8,30,10,10,4,14,12,0,12,24,25,500,500000
zz,circles,42,28,0.42090433771055363,0.9055555555555556,0.7833333333333333,strongly_entangling,,2,20,22,8,30,10,10,4,14,12,0,12,24,25,500,500000
zz,circles,42,29,0.4228979292421662,0.9333333333333333,0.8,strongly_entangling,,2,20,22,8,30,10,10,4,14,12,0,12,24,25,500,500000
zz,circles,42,30,0.42077658517109046,0.9111111111111111,0.7833333333333333,strongly_entangling,,2,20,22,8,30,10,10,4,14,12,0,12,24,25,500,500000
zz,circles,43,1,0.4756308863627255,0.8944444444444445,0.9,strongly_entangling,,2,20,22,8,30,10,10,4,14,12,0,12,24,25,500,500000
zz,circles,43,2,0.4716010213975684,0.8833333333333333,0.9166666666666666,strongly_entangling,,2,20,22,8,30,10,10,4,14,12,0,12,24,25,500,500000
zz,circles,43,3,0.46970631818783487,0.9111111111111111,0.9333333333333333,strongly_entangling,,2,20,22,8,30,10,10,4,14,12,0,12,24,25,500,500000
zz,circles,43,4,0.4672374027154468,0.9111111111111111,0.9333333333333333,strongly_entangling,,2,20,22,8,30,10,10,4,14,12,0,12,24,25,500,500000
zz,circles,43,5,0.4694942118323951,0.9055555555555556,0.9166666666666666,strongly_entangling,,2,20,22,8,30,10,10,4,14,12,0,12,24,25,500,500000
zz,circles,43,6,0.46775061616528085,0.9,0.9166666666666666,strongly_entangling,,2,20,22,8,30,10,10,4,14,12,0,12,24,25,500,500000
zz,circles,43,7,0.4681177665713684,0.9055555555555556,0.9333333333333333,strongly_entangling,,2,20,22,8,30,10,10,4,14,12,0,12,24,25,500,500000
zz,circles,43,8,0.47769603162777374,0.8722222222222222,0.9,strongly_entangling,,2,20,22,8,30,10,10,4,14,12,0,12,24,25,500,500000
zz,circles,43,9,0.4697962874801407,0.9111111111111111,0.9166666666666666,strongly_entangling,,2,20,22,8,30,10,10,4,14,12,0,12,24,25,500,500000
zz,circles,43,10,0.47176671848418356,0.8944444444444445,0.95,strongly_entangling,,2,20,22,8,30,10,10,4,14,12,0,12,24,25,500,500000
zz,circles,43,11,0.4716421984308779,0.9,0.9166666666666666,strongly_entangling,,2,20,22,8,30,10,10,4,14,12,0,12,24,25,500,500000
zz,circles,43,12,0.4770435387610571,0.8833333333333333,0.9,strongly_entangling,,2,20,22,8,30,10,10,4,14,12,0,12,24,25,500,500000
zz,circles,43,13,0.4708929252224672,0.9111111111111111,0.9333333333333333,strongly_entangling,,2,20,22,8,30,10,10,4,14,12,0,12,24,25,500,500000
zz,circles,43,14,0.4723048246519672,0.8722222222222222,0.9,strongly_entangling,,2,20,22,8,30,10,10,4,14,12,0,12,24,25,500,500000
zz,circles,43,15,0.4714452428997,0.9,0.9333333333333333,strongly_entangling,,2,20,22,8,30,10,10,4,14,12,0,12,24,25,500,500000
zz,circles,43,16,0.46947056951404903,0.9,0.9166666666666666,strongly_entangling,,2,20,22,8,30,10,10,4,14,12,0,12,24,25,500,500000
zz,circles,43,17,0.467199479773495,0.9,0.9166666666666666,strongly_entangling,,2,20,22,8,30,10,10,4,14,12,0,12,24,25,500,500000
zz,circles,43,18,0.4656077987826543,0.9055555555555556,0.9166666666666666,strongly_entangling,,2,20,22,8,30,10,10,4,14,12,0,12,24,25,500,500000
zz,circles,43,19,0.4662996717569712,0.8944444444444445,0.9166666666666666,strongly_entangling,,2,20,22,8,30,10,10,4,14,12,0,12,24,25,500,500000
zz,circles,43,20,0.4667850814462383,0.8944444444444445,0.9166666666666666,strongly_entangling,,2,20,22,8,30,10,10,4,14,12,0,12,24,25,500,500000
zz,circles,43,21,0.46760444450508987,0.8777777777777778,0.9333333333333333,strongly_entangling,,2,20,22,8,30,10,10,4,14,12,0,12,24,25,500,500000
zz,circles,43,22,0.46863648157944576,0.9111111111111111,0.9333333333333333,strongly_entangling,,2,20,22,8,30,10,10,4,14,12,0,12,24,25,500,500000
zz,circles,43,23,0.47003646715849584,0.8944444444444445,0.9166666666666666,strongly_entangling,,2,20,22,8,30,10,10,4,14,12,0,12,24,25,500,500000
zz,circles,43,24,0.47490908640801816,0.9111111111111111,0.9333333333333333,strongly_entangling,,2,20,22,8,30,10,10,4,14,12,0,12,24,25,500,500000
zz,circles,43,25,0.47114545703558613,0.8722222222222222,0.9166666666666666,strongly_entangling,,2,20,22,8,30,10,10,4,14,12,0,12,24,25,500,500000
zz,circles,43,26,0.4670266621319521,0.8888888888888888,0.9166666666666666,strongly_entangling,,2,20,22,8,30,10,10,4,14,12,0,12,24,25,500,500000
zz,circles,43,27,0.4752905095977381,0.9111111111111111,0.9333333333333333,strongly_entangling,,2,20,22,8,30,10,10,4,14,12,0,12,24,25,500,500000
zz,circles,43,28,0.46843226344253597,0.8944444444444445,0.9166666666666666,strongly_entangling,,2,20,22,8,30,10,10,4,14,12,0,12,24,25,500,500000
zz,circles,43,29,0.4677351245981115,0.8944444444444445,0.9166666666666666,strongly_entangling,,2,20,22,8,30,10,10,4,14,12,0,12,24,25,500,500000
zz,circles,43,30,0.4674918546601925,0.9,0.9333333333333333,strongly_entangling,,2,20,22,8,30,10,10,4,14,12,0,12,24,25,500,500000
zz,circles,44,1,0.48363617328781394,0.9,0.8833333333333333,strongly_entangling,,2,20,22,8,30,10,10,4,14,12,0,12,24,25,500,500000
zz,circles,44,2,0.49061712407505825,0.9166666666666666,0.85,strongly_entangling,,2,20,22,8,30,10,10,4,14,12,0,12,24,25,500,500000
zz,circles,44,3,0.4882215555214653,0.9,0.9333333333333333,strongly_entangling,,2,20,22,8,30,10,10,4,14,12,0,12,24,25,500,500000
zz,circles,44,4,0.4836795516857539,0.8888888888888888,0.9,strongly_entangling,,2,20,22,8,30,10,10,4,14,12,0,12,24,25,500,500000
zz,circles,44,5,0.4838049341884672,0.9111111111111111,0.8833333333333333,strongly_entangling,,2,20,22,8,30,10,10,4,14,12,0,12,24,25,500,500000
zz,circles,44,6,0.4829953074993344,0.9166666666666666,0.8666666666666667,strongly_entangling,,2,20,22,8,30,10,10,4,14,12,0,12,24,25,500,500000
zz,circles,44,7,0.48835431192084605,0.8777777777777778,0.9166666666666666,strongly_entangling,,2,20,22,8,30,10,10,4,14,12,0,12,24,25,500,500000
zz,circles,44,8,0.4847037309055428,0.9222222222222223,0.8666666666666667,strongly_entangling,,2,20,22,8,30,10,10,4,14,12,0,12,24,25,500,500000
zz,circles,44,9,0.4867055500954251,0.8833333333333333,0.9333333333333333,strongly_entangling,,2,20,22,8,30,10,10,4,14,12,0,12,24,25,500,500000
zz,circles,44,10,0.48944504666829025,0.9055555555555556,0.8666666666666667,strongly_entangling,,2,20,22,8,30,10,10,4,14,12,0,12,24,25,500,500000
zz,circles,44,11,0.48444548286570666,0.9222222222222223,0.8666666666666667,strongly_entangling,,2,20,22,8,30,10,10,4,14,12,0,12,24,25,500,500000
zz,circles,44,12,0.48604313664092674,0.9,0.9,strongly_entangling,,2,20,22,8,30,10,10,4,14,12,0,12,24,25,500,500000
zz,circles,44,13,0.48402826833926416,0.8944444444444445,0.8666666666666667,strongly_entangling,,2,20,22,8,30,10,10,4,14,12,0,12,24,25,500,500000
zz,circles,44,14,0.48290722337653724,0.9222222222222223,0.8666666666666667,strongly_entangling,,2,20,22,8,30,10,10,4,14,12,0,12,24,25,500,500000
zz,circles,44,15,0.4855096013435748,0.8888888888888888,0.9333333333333333,strongly_entangling,,2,20,22,8,30,10,10,4,14,12,0,12,24,25,500,500000
zz,circles,44,16,0.480650136842218,0.8944444444444445,0.8666666666666667,strongly_entangling,,2,20,22,8,30,10,10,4,14,12,0,12,24,25,500,500000
zz,circles,44,17,0.47926074493497706,0.9111111111111111,0.8666666666666667,strongly_entangling,,2,20,22,8,30,10,10,4,14,12,0,12,24,25,500,500000
zz,circles,44,18,0.48068519321789294,0.9444444444444444,0.8666666666666667,strongly_entangling,,2,20,22,8,30,10,10,4,14,12,0,12,24,25,500,500000
zz,circles,44,19,0.4839059579269968,0.8777777777777778,0.9,strongly_entangling,,2,20,22,8,30,10,10,4,14,12,0,12,24,25,500,500000
zz,circles,44,20,0.4787085939324258,0.9222222222222223,0.8666666666666667,strongly_entangling,,2,20,22,8,30,10,10,4,14,12,0,12,24,25,500,500000
zz,circles,44,21,0.4784916633498987,0.8944444444444445,0.9,strongly_entangling,,2,20,22,8,30,10,10,4,14,12,0,12,24,25,500,500000
zz,circles,44,22,0.47890103214360386,0.9388888888888889,0.8666666666666667,strongly_entangling,,2,20,22,8,30,10,10,4,14,12,0,12,24,25,500,500000
zz,circles,44,23,0.47905835955663795,0.9388888888888889,0.8666666666666667,strongly_entangling,,2,20,22,8,30,10,10,4,14,12,0,12,24,25,500,500000
zz,circles,44,24,0.4845924628082073,0.8833333333333333,0.9166666666666666,strongly_entangling,,2,20,22,8,30,10,10,4,14,12,0,12,24,25,500,500000
zz,circles,44,25,0.48298073244558265,0.9222222222222223,0.85,strongly_entangling,,2,20,22,8,30,10,10,4,14,12,0,12,24,25,500,500000
zz,circles,44,26,0.48347657463573956,0.9055555555555556,0.8833333333333333,strongly_entangling,,2,20,22,8,30,10,10,4,14,12,0,12,24,25,500,500000
zz,circles,44,27,0.47867137509119684,0.9166666666666666,0.8666666666666667,strongly_entangling,,2,20,22,8,30,10,10,4,14,12,0,12,24,25,500,500000
zz,circles,44,28,0.47722057782887617,0.9277777777777778,0.8666666666666667,strongly_entangling,,2,20,22,8,30,10,10,4,14,12,0,12,24,25,500,500000
zz,circles,44,29,0.4803792319826098,0.9388888888888889,0.8166666666666667,strongly_entangling,,2,20,22,8,30,10,10,4,14,12,0,12,24,25,500,500000
zz,circles,44,30,0.47734242436062313,0.9055555555555556,0.8833333333333333,strongly_entangling,,2,20,22,8,30,10,10,4,14,12,0,12,24,25,500,500000
zz,circles,45,1,0.43641618824156436,0.9333333333333333,0.8833333333333333,strongly_entangling,,2,20,22,8,30,10,10,4,14,12,0,12,24,25,500,500000
zz,circles,45,2,0.43184351929404396,0.9277777777777778,0.8666666666666667,strongly_entangling,,2,20,22,8,30,10,10,4,14,12,0,12,24,25,500,500000
zz,circles,45,3,0.42939945205661745,0.9222222222222223,0.8833333333333333,strongly_entangling,,2,20,22,8,30,10,10,4,14,12,0,12,24,25,500,500000
zz,circles,45,4,0.4292563668885219,0.9277777777777778,0.9,strongly_entangling,,2,20,22,8,30,10,10,4,14,12,0,12,24,25,500,500000
zz,circles,45,5,0.423916020140807,0.9388888888888889,0.8833333333333333,strongly_entangling,,2,20,22,8,30,10,10,4,14,12,0,12,24,25,500,500000
zz,circles,45,6,0.4229831072058101,0.9388888888888889,0.8833333333333333,strongly_entangling,,2,20,22,8,30,10,10,4,14,12,0,12,24,25,500,500000
zz,circles,45,7,0.42720176576940805,0.9222222222222223,0.9,strongly_entangling,,2,20,22,8,30,10,10,4,14,12,0,12,24,25,500,500000
zz,circles,45,8,0.42711146657576177,0.9277777777777778,0.8666666666666667,strongly_entangling,,2,20,22,8,30,10,10,4,14,12,0,12,24,25,500,500000
zz,circles,45,9,0.42524697863940697,0.9388888888888889,0.8833333333333333,strongly_entangling,,2,20,22,8,30,10,10,4,14,12,0,12,24,25,500,500000
zz,circles,45,10,0.4229709788262991,0.9333333333333333,0.8833333333333333,strongly_entangling,,2,20,22,8,30,10,10,4,14,12,0,12,24,25,500,500000
zz,circles,45,11,0.42358061123728585,0.9277777777777778,0.8833333333333333,strongly_entangling,,2,20,22,8,30,10,10,4,14,12,0,12,24,25,500,500000
zz,circles,45,12,0.4251066807864918,0.9333333333333333,0.9,strongly_entangling,,2,20,22,8,30,10,10,4,14,12,0,12,24,25,500,500000
zz,circles,45,13,0.42443880985552607,0.9277777777777778,0.8666666666666667,strongly_entangling,,2,20,22,8,30,10,10,4,14,12,0,12,24,25,500,500000
zz,circles,45,14,0.4271714814006131,0.9222222222222223,0.9,strongly_entangling,,2,20,22,8,30,10,10,4,14,12,0,12,24,25,500,500000
zz,circles,45,15,0.42962760216501295,0.9055555555555556,0.8666666666666667,strongly_entangling,,2,20,22,8,30,10,10,4,14,12,0,12,24,25,500,500000
zz,circles,45,16,0.4298691722415687,0.9222222222222223,0.9,strongly_entangling,,2,20,22,8,30,10,10,4,14,12,0,12,24,25,500,500000
zz,circles,45,17,0.43087576296024516,0.9277777777777778,0.8833333333333333,strongly_entangling,,2,20,22,8,30,10,10,4,14,12,0,12,24,25,500,500000
zz,circles,45,18,0.4445626980567366,0.9,0.9,strongly_entangling,,2,20,22,8,30,10,10,4,14,12,0,12,24,25,500,500000
zz,circles,45,19,0.43912316489438424,0.9055555555555556,0.85,strongly_entangling,,2,20,22,8,30,10,10,4,14,12,0,12,24,25,500,500000
zz,circles,45,20,0.4260950102783433,0.9333333333333333,0.8833333333333333,strongly_entangling,,2,20,22,8,30,10,10,4,14,12,0,12,24,25,500,500000
zz,circles,45,21,0.42451396730800706,0.9388888888888889,0.8833333333333333,strongly_entangling,,2,20,22,8,30,10,10,4,14,12,0,12,24,25,500,500000
zz,circles,45,22,0.4231326742710795,0.9333333333333333,0.8666666666666667,strongly_entangling,,2,20,22,8,30,10,10,4,14,12,0,12,24,25,500,500000
zz,circles,45,23,0.4291700978842971,0.9166666666666666,0.9,strongly_entangling,,2,20,22,8,30,10,10,4,14,12,0,12,24,25,500,500000
zz,circles,45,24,0.4356652752203857,0.9111111111111111,0.8666666666666667,strongly_entangling,,2,20,22,8,30,10,10,4,14,12,0,12,24,25,500,500000
zz,circles,45,25,0.44326851874633555,0.8777777777777778,0.9,strongly_entangling,,2,20,22,8,30,10,10,4,14,12,0,12,24,25,500,500000
zz,circles,45,26,0.43658629496857415,0.9,0.85,strongly_entangling,,2,20,22,8,30,10,10,4,14,12,0,12,24,25,500,500000
zz,circles,45,27,0.42799507958618804,0.9222222222222223,0.8666666666666667,strongly_entangling,,2,20,22,8,30,10,10,4,14,12,0,12,24,25,500,500000
zz,circles,45,28,0.42543507192785546,0.9333333333333333,0.8833333333333333,strongly_entangling,,2,20,22,8,30,10,10,4,14,12,0,12,24,25,500,500000
zz,circles,45,29,0.43007143374548396,0.9333333333333333,0.8666666666666667,strongly_entangling,,2,20,22,8,30,10,10,4,14,12,0,12,24,25,500,500000
zz,circles,45,30,0.4262009899780321,0.9222222222222223,0.8833333333333333,strongly_entangling,,2,20,22,8,30,10,10,4,14,12,0,12,24,25,500,500000
zz,circles,46,1,0.40103654412555595,0.9277777777777778,0.9166666666666666,strongly_entangling,,2,20,22,8,30,10,10,4,14,12,0,12,24,25,500,500000
zz,circles,46,2,0.3950153600066356,0.9222222222222223,0.9,strongly_entangling,,2,20,22,8,30,10,10,4,14,12,0,12,24,25,500,500000
zz,circles,46,3,0.3942428369100846,0.9166666666666666,0.9333333333333333,strongly_entangling,,2,20,22,8,30,10,10,4,14,12,0,12,24,25,500,500000
zz,circles,46,4,0.39162769072429093,0.9166666666666666,0.9,strongly_entangling,,2,20,22,8,30,10,10,4,14,12,0,12,24,25,500,500000
zz,circles,46,5,0.39070377314642807,0.9222222222222223,0.9,strongly_entangling,,2,20,22,8,30,10,10,4,14,12,0,12,24,25,500,500000
zz,circles,46,6,0.38970877619669975,0.9277777777777778,0.9333333333333333,strongly_entangling,,2,20,22,8,30,10,10,4,14,12,0,12,24,25,500,500000
zz,circles,46,7,0.39041966662890903,0.9388888888888889,0.9166666666666666,strongly_entangling,,2,20,22,8,30,10,10,4,14,12,0,12,24,25,500,500000
zz,circles,46,8,0.38994998862155417,0.9277777777777778,0.9166666666666666,strongly_entangling,,2,20,22,8,30,10,10,4,14,12,0,12,24,25,500,500000
zz,circles,46,9,0.3892243815466977,0.9222222222222223,0.9333333333333333,strongly_entangling,,2,20,22,8,30,10,10,4,14,12,0,12,24,25,500,500000
zz,circles,46,10,0.389451564900886,0.9222222222222223,0.9333333333333333,strongly_entangling,,2,20,22,8,30,10,10,4,14,12,0,12,24,25,500,500000
zz,circles,46,11,0.38992788306653636,0.9277777777777778,0.9166666666666666,strongly_entangling,,2,20,22,8,30,10,10,4,14,12,0,12,24,25,500,500000
zz,circles,46,12,0.3921082860864206,0.9222222222222223,0.9333333333333333,strongly_entangling,,2,20,22,8,30,10,10,4,14,12,0,12,24,25,500,500000
zz,circles,46,13,0.39370924576470584,0.9166666666666666,0.9,strongly_entangling,,2,20,22,8,30,10,10,4,14,12,0,12,24,25,500,500000
zz,circles,46,14,0.3914796463694727,0.9166666666666666,0.95,strongly_entangling,,2,20,22,8,30,10,10,4,14,12,0,12,24,25,500,500000
zz,circles,46,15,0.3898902327333829,0.9388888888888889,0.9166666666666666,strongly_entangling,,2,20,22,8,30,10,10,4,14,12,0,12,24,25,500,500000
zz,circles,46,16,0.38988191478952183,0.9277777777777778,0.9166666666666666,strongly_entangling,,2,20,22,8,30,10,10,4,14,12,0,12,24,25,500,500000
zz,circles,46,17,0.38962032931573165,0.9388888888888889,0.9333333333333333,strongly_entangling,,2,20,22,8,30,10,10,4,14,12,0,12,24,25,500,500000
zz,circles,46,18,0.3915581342893138,0.9388888888888889,0.9,strongly_entangling,,2,20,22,8,30,10,10,4,14,12,0,12,24,25,500,500000
zz,circles,46,19,0.3887405939528334,0.9277777777777778,0.9333333333333333,strongly_entangling,,2,20,22,8,30,10,10,4,14,12,0,12,24,25,500,500000
zz,circles,46,20,0.389916015040854,0.9333333333333333,0.9333333333333333,strongly_entangling,,2,20,22,8,30,10,10,4,14,12,0,12,24,25,500,500000
zz,circles,46,21,0.39212749413381703,0.9277777777777778,0.9,strongly_entangling,,2,20,22,8,30,10,10,4,14,12,0,12,24,25,500,500000
zz,circles,46,22,0.3900082214356242,0.9333333333333333,0.9333333333333333,strongly_entangling,,2,20,22,8,30,10,10,4,14,12,0,12,24,25,500,500000
zz,circles,46,23,0.39127703647385537,0.9333333333333333,0.9166666666666666,strongly_entangling,,2,20,22,8,30,10,10,4,14,12,0,12,24,25,500,500000
zz,circles,46,24,0.39216911955586875,0.9277777777777778,0.9333333333333333,strongly_entangling,,2,20,22,8,30,10,10,4,14,12,0,12,24,25,500,500000
zz,circles,46,25,0.38961547142991176,0.9333333333333333,0.9333333333333333,strongly_entangling,,2,20,22,8,30,10,10,4,14,12,0,12,24,25,500,500000
zz,circles,46,26,0.39062651130272663,0.9388888888888889,0.9333333333333333,strongly_entangling,,2,20,22,8,30,10,10,4,14,12,0,12,24,25,500,500000
zz,circles,46,27,0.3906814469108975,0.9277777777777778,0.95,strongly_entangling,,2,20,22,8,30,10,10,4,14,12,0,12,24,25,500,500000
zz,circles,46,28,0.3917539207442724,0.9333333333333333,0.9166666666666666,strongly_entangling,,2,20,22,8,30,10,10,4,14,12,0,12,24,25,500,500000
zz,circles,46,29,0.3897646769762605,0.9222222222222223,0.9333333333333333,strongly_entangling,,2,20,22,8,30,10,10,4,14,12,0,12,24,25,500,500000
zz,circles,46,30,0.39116788933657004,0.9111111111111111,0.95,strongly_entangling,,2,20,22,8,30,10,10,4,14,12,0,12,24,25,500,500000
